Sequence,Ensemble,CNN,Transformer,Attention,LSTM
AMDPTKYYGNGVYCNSKKCWVDWGQGSGCIGQTVVGGWLGGAIPGKC,-0.493,-0.674,-0.785,0.365,-0.878
SIEERVKKIIVDQLGAKAEDVKPETSFIEDLGADSLDTVELVMALEEEFDIEIPDEEAEKIATVQSAIDYVQNNQ,3.502,2.033,4.53,3.793,3.651
RSVFTKKNGKVFLYVVLLVLAAWRGYALAD,3.297,3.879,2.117,3.503,3.691
GLLGSLFGAGKKVACALSGLC,1.118,1.348,1.121,1.235,0.768
AGIGTCCGGCMYTTAGGTCCSGIPICAK,1.679,1.889,1.546,1.497,1.784
TVDLVERALQIAINIRQPKEKLMFHRD,3.672,3.856,3.652,3.559,3.622
RRRIIIIIRRR,1.278,1.547,1.0,0.961,1.606
WKKVFKRLEKLFSKIWNWK,0.564,0.332,0.924,0.679,0.319
ESMFILLALIILLIFGYLLYALIFPEKI,3.953,3.869,4.099,3.693,4.153
KLRPMQDRIIVKRVEEETKTAGGIYIPETAKEKPQEGEVVAVGNGKRTEDGKILPLDVKVGDKVLFGKYSGTEVKVEGQDYLIMREDDILGVIEK,2.981,1.32,3.965,3.405,3.236
SAVWRWRRFWLRKRK,1.027,0.999,0.907,0.735,1.466
RVQEALPLMRSAGCSYTQYPDRVMSVIG,3.907,3.869,4.167,3.736,3.857
WFHHIFRGIVHVGKTIHRLVTG,0.618,0.611,0.502,0.631,0.729
ELPKLPDDKVLIRSRSNCPKGKVWNGFDCKSPFAFS,3.221,2.651,3.31,2.853,4.069
FLPLLASLFSGLF,1.527,1.209,1.514,1.251,2.134
FLPLILPSIVTALSSFLKQG,1.505,1.686,1.284,1.165,1.884
LSNAMIEKFIEHTLVSTVHEDEIEICIPKEKRAEFESWRSTSGV,3.764,3.969,4.133,3.051,3.903
RLCSKSMYASTKYTA,3.375,3.555,3.681,2.865,3.397
FSVTWRWWKWWKG,1.137,1.301,1.126,1.076,1.045
KKGGISVSPTKRMKLLLIKPAL,1.404,0.91,0.907,1.981,1.819
RCRRWSASSRSSSGPPGPISSDFGASTGSF,3.595,3.589,4.126,3.498,3.167
GLFSKFAGKGIKNFLIKGVKHIGKEVGMDVIRTGIDVAGCKIKGEC,0.244,-0.03,0.16,0.424,0.422
AKSKNHTAHNQTRKAHRNGIKKPKTYKYPSLKGVDPKFRRNHKHALHGTAKALAAAKK,1.42,1.373,2.545,1.523,0.237
KKRWVWIRY,1.265,1.467,1.443,0.951,1.197
GILSTVFKAGKGIVCGLSGLC,1.181,1.143,1.172,1.315,1.092
SVTP,2.609,2.698,2.77,2.153,2.814
RRLFADRLVLATGVIVILMSVLFALWRVSG,3.831,3.887,3.946,3.712,3.78
GIGAVLKVLTTGLCALISWIKRKRQQ,1.421,1.235,1.683,0.822,1.946
NRWCFAGDD,3.116,3.219,3.569,2.747,2.928
ICVAYSAPVAAATAVFLIYPIGQGSFSDG,3.815,3.886,3.895,3.548,3.931
SRTICCAPKIMLLVHGISFISGMASTTLS,4.118,3.996,4.621,3.651,4.205
PKLLKTFLKWIG,1.587,1.718,1.699,1.39,1.542
PHHLAASRPQP,3.747,3.675,4.012,3.413,3.888
ASTAQDMAAALQDRLTRMDDAIELLQGLRRETASLVIELFPEVA,3.867,3.862,3.974,3.566,4.067
NQHGQVVKIFHH,1.978,1.844,2.603,1.6,1.865
ADSNQRDFALAA,3.643,4.005,3.897,3.01,3.658
FLGVVFKKASKVFPAVFGKV,1.628,1.818,1.584,1.419,1.693
PRPLPFPRPGPRPIPRPLPFPRPGPRPI,1.149,1.277,1.418,0.782,1.12
INWLKLGKAIIDAL,1.325,1.435,1.303,1.122,1.439
SKGKKANKDVELARG,2.505,1.903,3.219,1.777,3.121
FLPLVLGALSGILPKIL,1.241,1.282,1.131,1.319,1.23
SMLSVLKNLKKVKLKFVACKINKQC,1.292,1.421,1.363,1.295,1.089
INWLKAKKVAGMIL,1.255,1.122,1.079,1.141,1.677
SKVWRHW,2.172,1.463,2.754,2.422,2.049
DLKEKIRNIPDFPVKGIQFKDITTLLKDK,3.025,3.6,3.436,3.59,1.472
GYLARRVPGVRVKELVGQDHFAHREAPAVFAQALRELLLT,3.232,2.187,3.598,3.638,3.507
GIPCGESCVFIPCITGAIGCSCKSKVCYRN,0.742,0.602,0.817,0.624,0.927
MDVFMKGLSKAKEGVVAAAEKTKQGVAEAAGKTKEGVLYVGSKTKEGVVHGVATVAEKTKEQVTNVGGAVVTGVTAVAQKTVEGAGSIAAATGFVKKDQLGKNEEGAPQEGILEDMPVDPDNEAYEMPSEEGYQDYEPEA,0.273,0.903,-0.319,0.674,-0.165
HFLGTLVNLAKKIL,1.365,1.379,1.402,1.417,1.261
SKILDNIKCVKCQQNAETQPSPHEFNHTYP,3.654,2.171,4.02,3.632,4.794
FCSPQKCAQACVIMMALDGPVVPEVYSR,3.77,3.919,3.876,3.631,3.654
PKLLETFLSKWIG,2.004,1.447,2.386,2.864,1.317
AQWFAIQHISLNPPRSTIAMRAINNYRWRSKNQNTFLR,2.3,1.172,3.565,3.311,1.153
AASLSSCFFLR,3.752,3.87,4.316,3.101,3.719
GNNRPIYIPQPRPPHPRL,0.701,0.642,1.043,0.815,0.304
EDGSSRPNLKPRMATGVRWQRYASSAE,3.716,3.895,3.639,3.506,3.822
RRWWKWWWR,0.8,0.806,0.925,0.931,0.536
THILADPY,3.519,3.262,4.087,2.837,3.892
VWPLVIRTVIAGYNLYRAIKKK,0.756,0.558,0.693,0.756,1.017
KDVQIAVIDNLSFDSFGDIHMPNYKVLL,3.943,3.885,4.334,3.767,3.785
KLKKLLKRWRRWWR,0.933,1.359,0.893,0.918,0.56
KNVPIKSIKKLFTMNISNFFMRSILIGSCN,3.602,3.464,3.892,3.486,3.566
LLMWKFCNHTATLKIFVCVHLKHLLVLGLGGYVVVY,3.314,3.422,3.295,3.227,3.312
GLEVGSLSLKI,3.334,3.508,3.503,3.272,3.051
RICRIVVIRCIR,0.958,0.752,0.873,0.842,1.365
TEPSNQP,3.731,3.842,3.918,2.975,4.188
MGAVVKGALKIIGGGAASGGAVYGLERIFGR,0.699,0.815,0.836,0.798,0.348
GLRKRLRKFRNKIKEKLKKIGQKIQGFVPKLAPRTDY,0.45,0.603,0.413,0.557,0.227
ATKIIDDTPKTKGKRSGLGDILKPLNS,3.493,3.871,3.576,3.351,3.173
HGVTPDLAKAVLRTNTTAIAATMVHRGDADSLICGTFGQYLWHL,3.652,3.715,3.965,3.006,3.921
FFGHLYRGITSVVKHVHGLLSG,1.294,0.762,1.306,1.702,1.405
FSKYERQKDKRPYSERKNQYTGPQFLYPPERIPPQKVIKWNEEGLPIYEIPGEGGHAEPAAA,1.04,0.938,1.678,0.759,0.785
STVKVASKLAVVVSPISKGS,1.742,1.731,1.649,1.355,2.233
EKEAAELGK,3.378,3.757,3.656,2.95,3.15
TEERMLSLVESGWPAFERANHWVWVSGRRL,3.94,3.901,3.963,3.678,4.218
KYPLEKFQNIG,3.351,2.755,3.956,3.135,3.558
LVPIDLLLLNASAFTPVLVAIKRISNLSM,3.841,3.913,3.899,3.683,3.868
GKESHYNSKKDRVFLRAIAGPYNLKAEL,3.403,3.617,3.334,3.511,3.151
PNAGIMLPPPGLAKDGHKVQFGTNHVGQALLTELLLLRL,3.672,3.871,3.785,3.62,3.412
ALVYAGIKKTAFLKVQKCDG,1.543,1.722,1.227,1.063,2.161
IIPLPLGYFAKKT,1.508,1.346,1.231,1.507,1.948
RWLLSLTRITYLSKLIGICSIAAFLQLELFWVYSENLTLLGLA,3.727,3.396,4.131,3.656,3.726
VLSAADKGNVKAAWGKVGGHAAEYGAE,1.505,1.436,1.85,1.068,1.665
WLRRIKAWLRR,1.078,0.973,1.136,1.12,1.082
SAGVIAGVALVFLLLAYLVYALINAEAF,3.932,3.884,4.226,3.603,4.015
INLKAIAALAKKLL,1.041,0.956,1.311,1.161,0.737
VWRHW,1.352,0.952,1.86,1.386,1.208
PANAPLCHFSVAVKTIYIGHWALGLQ,3.325,3.057,3.63,3.41,3.202
GLMDTVKNAAKNLAGQMLDKLKCKITGSC,1.154,1.172,1.393,1.322,0.728
ALWKTLLKKVLKAAAK,0.945,0.704,0.974,1.037,1.066
QVVVLLQLLMEMLFVQLIREILQFMLVILV,3.994,3.906,4.091,3.932,4.045
GMWSKILGHLI,1.755,1.444,2.013,1.62,1.945
LKWLKKWLK,1.107,1.369,1.089,1.118,0.851
IFLGEKKQFRLTSDDLFKVRWEYEAYVMLQPGGSVF,3.84,3.901,3.759,3.49,4.21
SSLKHHHCTSMLKILVLSVHCMISSLT,3.915,3.86,4.202,3.605,3.991
GIFPKIIGKGIKTGIVNGIKSLVKGVGMKVFKAGLNNIGNTGCNEDEC,0.339,0.193,-0.017,0.571,0.611
TTSIRRRYQVSLIRRHRGKR,1.544,1.507,1.044,0.999,2.625
LAAKLTKAATKLTAALTKLAAALT,0.818,0.987,1.051,0.925,0.308
TSVGNLFVFQKKKMDNLLIVFKVDSS,3.482,3.457,3.385,3.345,3.742
VELNQVGF,3.385,3.898,3.796,2.755,3.089
HGVLACRPFFLDSLAQISPPPGPCSKNGGT,3.692,3.613,3.858,3.452,3.847
RSQPGPTCPSSVQAILCDNRCGRSACSYYIERCACCAKCNRIPYYGASNHP,0.583,0.411,1.372,0.398,0.15
GLPRKILAAIAKKKGKCKGPLKLVAKC,1.265,1.567,1.221,0.8,1.471
DVDAKDELKRALKEYKGSILMVCHEPDFYEGWMDQIWDFNNLT,3.894,3.801,4.247,3.641,3.887
KRKSGSGSKRK,2.926,3.051,3.68,2.038,2.934
KQQILISITLIKDEIALYEWIFSIVPMRFLI,3.847,3.876,3.815,3.782,3.916
YPQQDHPHQQDILHSSNTTLTSLTGSTC,3.814,3.879,3.684,3.737,3.955
LLMSIVGYRLGPLRNNRHTAGNFMQV,3.083,1.831,3.365,3.452,3.685
KLKKLFKLKQ,1.141,1.272,1.347,1.1,0.845
GLLPLLSLLGKLL,1.11,1.073,0.948,1.237,1.183
PRRCYSARF,2.906,2.071,3.517,3.184,2.852
IEVTDFKGIFFPDLELNQLADISDSAG,3.793,3.892,3.766,3.517,3.998
LDFTWELFSETGNVDTYLLFKEIEVERQERHLVLNDELAEFDFPVS,4.01,3.943,4.5,3.504,4.092
TLDGINTLNFFDTTAGWTDDFFRLFGKEQ,3.825,3.878,3.934,3.668,3.821
ATQIIDDTPRTKGKRSGIGDILK,3.036,2.052,3.41,3.083,3.598
GLVELLVCRWSHTKSI,2.791,2.019,3.22,3.172,2.752
VEQLAIFYSR,3.227,3.787,3.553,2.815,2.751
IKPIKLIILRMVGLRCIQQSMLFEMFYRT,3.34,1.917,4.044,3.687,3.714
ERWNLSKDGRSSSHDTRTTSKPAPCSLSWW,3.804,3.872,4.143,3.569,3.631
MNMQSMMKQAQKLQKQMEKGQAELAATEFTGKSAQDLVVAKLTGDKKVVSIDFNPAVVDPEDLETLSEMTAQALNHALAQIDDATQKKMGAFAGKLPF,3.014,2.519,2.922,3.18,3.435
SSIAITMMVIALTVIWGGLIFAVKRLPKE,3.972,3.895,4.39,3.665,3.939
HQFRFRFRVRRK,1.592,1.331,1.19,1.817,2.032
WFKFFKKFFKKWK,0.827,0.744,1.006,0.981,0.576
KLKLKFKLKQ,1.133,1.315,1.308,1.11,0.8
IYLSSDLENTVSETNSSIKLIGPKKYYTAINGAKWSH,2.776,1.959,3.239,3.471,2.433
DDFINESEVSCFRVL,3.611,3.879,4.01,2.885,3.67
GIFSKFAGKGIKNLLVKGVKNIGKEVGMDVIRTGIDIAGCKIKGEC,0.395,0.318,0.23,0.401,0.632
VRRFPWWWPFLRR,0.789,1.356,0.841,0.859,0.1
IAPIFAELAKTVGADKDGLPTLVAK,1.989,1.688,1.863,1.279,3.127
LGGLIKIVPAMICAVTKKC,1.462,1.628,1.567,1.276,1.378
KKLFKKILKYLTTGLPALISW,0.396,0.73,0.521,0.693,-0.361
KKLFKKILKYLAGPAGIGKFLHSAKKDEL,0.895,0.635,0.863,0.759,1.325
GSNANPSSPVCPKLQA,3.028,2.937,3.648,3.641,1.884
SIIPSYFVFLLAALTPALVPLTGSNKIKLI,3.639,3.86,3.727,3.621,3.348
LIVGNRIDRLKKQLSESFAMKDMGAAKQILGIRIIRDRQAKKLWLS,3.749,3.686,3.781,3.818,3.709
SKVGRHLRRFLHRAHRKL,1.138,1.26,0.984,1.001,1.309
TIFIDYVLLLGFVFALAAGLFLIFQGIKLI,3.859,3.866,3.889,3.752,3.927
PNRSLKKKHMKRRTLARTTRMKVCGLQHRG,3.657,3.905,3.705,3.554,3.464
GIGSAILSAGKSIIKGLAKGLAEHF,1.032,1.162,1.067,1.072,0.828
HTCHFRRRPKVRKFKLYHEGKFWCPG,1.15,1.103,1.733,0.87,0.892
AILTTLANWARKFL,1.435,0.857,1.301,1.972,1.611
GPIRRPKPRPRQRPE,2.169,1.985,2.609,1.622,2.459
NSQIRPLPDKGLDLSIRDASIKIRGKWKARKNFIK,2.901,3.796,2.99,3.574,1.243
GFKEVLKADLGSLVKGIAAHVAN,1.439,1.938,1.413,1.012,1.392
RSRAGGGRRRQGSAQWRVGDCVDKRSSLAS,3.635,3.364,3.785,3.487,3.903
IFHLFFLTITISKRRYTVENIRSERNQQRIKEELLYKRAQYVQTRRFF,3.668,3.858,3.706,3.791,3.315
IGALQGAVDRVLTQPTQSIVRNVAVVNSLYK,3.752,3.864,3.754,3.632,3.757
GKKLFKKILKYLAGPAKFLHSAK,0.699,0.745,0.45,1.117,0.483
AFRLPKLTYTTDRAVCASSHSM,3.794,3.88,4.048,3.439,3.807
NGMSHGLTHTA,3.732,3.852,3.892,3.389,3.795
GFLGPLLKLGLKGVAKVIPHLIPSRQQ,1.055,1.323,0.849,0.766,1.284
STPPILHYKKPSFRFQWLPLPENYFIILISPNMGTREHTKTLFISNIRR,3.123,2.252,2.897,3.491,3.854
LGYLEQLLRL,2.811,3.546,3.117,2.17,2.411
CGGYSGGWKRKRSTSYRCG,1.318,1.651,0.969,1.037,1.617
NAEPSVTASEVARQPGVAMVDTYPARTEHA,3.864,3.867,4.033,3.609,3.946
RIIDLLWRVRRPQKPKFVTVAVR,0.776,0.967,0.663,0.645,0.828
NFDFVNYRPEVSVSAGVYCECFGLGGADSDHLGCVQID,3.829,3.877,3.895,3.341,4.203
RMICWRKTKTI,2.882,2.28,3.094,2.978,3.177
GLPVCGETCFGGTCNTPGCACDPWPVCTRD,1.34,1.332,1.169,1.925,0.935
DLARMGNPIKV,3.278,2.808,3.752,3.36,3.19
GYKYINNIIKYINKFFKYIW,1.298,1.402,1.83,0.828,1.131
GLPICGETCVGGTCNTPGCFCTWPVCTRN,0.933,1.12,0.919,1.056,0.635
GIGGVLLGAGKATLKGLAKVLAEKYAN,1.083,0.995,1.14,1.127,1.071
AIEAPPNG,3.892,3.875,4.149,3.555,3.99
KWKSFIKKLTSVLKKVVTTAKPLISS,0.608,0.874,0.484,0.623,0.449
CGGYSGGWHRLRSTSYRCG,1.421,1.495,1.164,1.061,1.965
KVFKRLEKLFSKIQNDK,1.153,1.273,1.683,1.123,0.533
PRPPRLPRPRPRPLPFPRPG,1.477,1.758,1.736,0.962,1.451
KNLRRIIRKGIHIIKKYG,0.997,0.586,1.043,1.163,1.198
GLFDVIAKVASVIKKL,1.406,1.536,1.527,1.265,1.295
PGLAAASPAPPEAQEKKPLKPCCACPETKKARDACIIEKGEEHCGHLIEAHKECMRALGFKI,3.354,3.672,2.656,3.492,3.596
NPVVRITNGAIRGQN,3.421,3.294,3.481,3.56,3.348
EIRTAISPEPKFSPEAEPGAGAVYREYA,3.692,3.458,3.873,3.485,3.952
MAKIGKWVVKGAAGYLGWEIGEGIWK,0.73,0.983,0.517,0.872,0.546
QGRWSHFWHKRSLKVCIIGIGSTYRLVQ,2.422,1.469,3.457,3.604,1.159
GFMDTAKNAAKNVAVTLLDNLKCKITKAC,0.834,0.473,1.227,1.102,0.535
AVVKVPLKKFKSIRE,1.745,1.498,2.222,1.414,1.848
TLRQCTTVLILCFLLEDKPMRHISFSSR,3.904,3.848,4.061,3.767,3.938
FLPILGNLLSGLL,1.368,1.473,1.523,1.246,1.229
PKLLKFLKWIG,1.535,1.506,1.437,1.275,1.924
SAADKRNQIPRKSLNYRTPLEVFMSYIDESHLSSLN,3.98,3.903,4.301,3.676,4.038
LGSCVANKIKDEFFAMISISAIVKAAQKKAWKELAVTVLRFAKANGLKTNAIIVAGQLALWAVQCGLS,1.804,1.211,1.089,1.539,3.376
ASSLFFMGAGLVLPPLTTFHRMDQSPSI,3.928,3.924,4.169,3.623,3.995
TTLKAFSLAQSIFTGNSKSFFCNKYKR,3.111,3.136,3.603,3.511,2.195
KWKLFKKIGKVLKKL,0.588,0.105,0.668,0.821,0.76
RRSVQWCA,3.64,3.902,4.048,2.866,3.743
PAGAAQAVFRQEDGCFMSLGPLASANPV,4.094,3.954,4.62,3.657,4.145
PHVALKPGKLKFIIPSPKRPVKLLSG,2.335,1.673,1.606,2.224,3.839
GLFGKLQKKFGRKAISYAVKKARGKH,0.594,0.55,0.244,0.754,0.827
GNQTIVKYVTQMRREEGVHRGYSLFYFLRM,3.743,3.907,3.64,3.565,3.861
NDKQREMLREETHTYFLLLRLKDKHTLSTK,4.035,3.88,4.149,3.772,4.339
KSFQNLSYSQGVSLICLGGFAASVTLAVLIKVFHQIF,3.701,3.819,3.72,3.51,3.753
YRMVHASYMIHSQERNQVSTCESMNSIP,3.927,3.877,4.213,3.744,3.874
LTVNTRSVEKEEDDATRAPESGDKQPERDK,3.956,3.937,4.288,3.687,3.912
GVFTLIKGATQLIGKTLGKELGKTGLELMACKITNQC,0.536,0.193,0.871,0.758,0.323
KSLYTMDHSDIINNVNSPLLSAGSVVFVPCIPYPLGVLHA,3.702,3.85,3.706,3.42,3.834
GMASKAGTIAGKIAKTAIKLAL,1.356,1.507,1.183,1.15,1.585
RSCSAPSEKERRSSSWWGGLGYWEGNRFFF,3.56,3.865,3.629,3.56,3.187
PCRGRSCGPRLRGGYTLIGRPVKNQNRPKYMWV,1.67,0.532,1.475,2.519,2.153
PIYSLVLVWWGLVSYMCTSAVLEDSS,3.764,3.912,3.826,3.56,3.759
HSSGYTRPLRKPSRPIFIRPI,1.549,0.815,1.438,1.32,2.625
GYPICGESCVGGICNIPGCSCSWPVCTTN,1.113,0.94,1.004,1.649,0.857
AIDENKQKALAAALGQIEKQFGKGSIMRLG,3.394,3.895,2.83,3.468,3.381
QGRCPEAETGGSMFSTGSESLRDARTPSMH,3.9,3.921,3.983,3.558,4.14
NLVPYIYFIRLIILSRTHSRSLPLDYNSFTPSSLDNHFH,3.876,3.883,4.085,3.635,3.902
GYTPFFYVLGVGLSTLEQKLTE,3.579,3.871,3.729,3.331,3.384
PTIISYFGFLLVALTITSALFIGLSKIRLI,3.911,3.878,4.14,3.69,3.934
RREMGREERRASRRGGGDAIIEVGNG,3.74,3.847,3.793,3.454,3.866
ATTARVSTTEPILSLTPGPARTDLAAVQ,3.973,3.917,4.359,3.664,3.951
GLMDTIKGVAKTVAASWLDKLKCKITGC,1.498,1.314,1.524,1.226,1.93
ILPIRSLIKKLL,1.467,1.502,1.255,1.566,1.543
PSGLSPDISLA,3.991,3.906,4.37,3.713,3.975
TLLHDTRATIMLRSTNPTYKELARTLRSTNKSTTIRRP,3.801,3.938,3.613,3.491,4.164
YKEFTWGEYKKAAYKSSLGDNRLAQFEK,3.546,3.901,3.316,3.496,3.471
KNFFTTLVSLMRIIAYWDYSLILSMNQ,3.901,3.891,4.027,3.722,3.965
RQFYQHYFTATAKLCWLRWLSVPQRLTMLEGLMQWDDRNSES,3.823,3.855,4.192,3.711,3.535
KLPILDVKFLPKFSSHHFLATV,2.512,3.1,1.728,1.872,3.348
RRRPRPPYLPRPRPPPFFPPRLPPRI,0.939,1.444,0.739,0.666,0.906
LFKVASKVLPSVK,1.561,1.603,1.768,1.358,1.513
GLMSVLGHAVGNVLGGLFKPKS,1.338,1.08,1.624,1.27,1.38
RFAPKPLSCKLSGSHGTCNFSMLPAGWSPF,3.652,3.885,3.622,3.52,3.581
KLPLQFRRLAGDAKNSRKLVVCLQFCSNL,3.689,3.886,3.553,3.522,3.795
FFPIVAGVAGQVLKKIYCTISKKC,0.875,0.916,0.72,0.86,1.005
GVWIGSCGLS,3.004,2.189,3.717,3.198,2.912
VRGSKIDFFQIKIVAVTIESNVDEHHFFTE,3.818,3.938,4.074,3.539,3.72
MRIVLTCRSGPSLHDVNIWDLRESFLYHNE,3.772,3.961,3.664,3.615,3.847
GEKLKKIGQKIKNFFKKL,0.983,1.023,1.258,0.987,0.662
AMKMVYARPRRSDNRRGERAGVGSPWFDLT,3.97,3.888,4.369,3.547,4.077
NGEAQDKHRIINLNHIYSLRYYLETISKAIPLKLFQ,3.769,3.854,3.656,3.496,4.072
ARNFGKFFTPVLQADFQKVVAGVANALAHRYH,1.984,0.688,3.066,3.45,0.73
TDYWFTVTYPEYDGTTTVIREFKSHFSLKR,3.768,3.868,3.856,3.444,3.904
INKHTKRCKDLNTFLHEPFSSVAATCQTPKIACKNGDKNCHQSHGAVSLTMCKLTSGKYPNCRYKEKR,1.168,1.395,1.498,1.235,0.545
HNSSKQWSHWLWHNGIRI,1.466,1.364,1.664,1.027,1.811
GILSGILGVGKKLVCGLSGLC,1.071,0.965,1.022,1.18,1.117
FTDSTFSISTSMGLPDDCISIC,3.71,3.893,3.828,3.338,3.781
NMTIQTSISITLHGQQDSLTNSYRIRATGTLLNIRRT,3.826,3.89,3.804,3.593,4.019
SRRRFEVGNFF,3.514,3.914,3.865,3.246,3.032
GLFGRLRDSLQRGGQKILEKAERIWCKIKDIFRG,1.076,0.48,0.84,0.788,2.196
VSVAWITMYQSTISVFHADIETMVMLAELR,3.947,3.917,4.337,3.725,3.807
KKKLLFKLKQ,1.226,1.247,1.347,1.025,1.286
NDFEKNVQSKRNDAVDSAVGFVVSFGFFAFLFVMATVIHLVGS,3.931,3.876,4.239,3.708,3.9
RRIRFRPPYLPRPGRRPRFPPPFPIPRIPRIP,0.401,0.404,0.327,0.718,0.156
KSSTRGRKSSRRKK,2.373,1.597,2.922,2.617,2.354
TKAVEHLDDLPGALSELSDLHAHKLRVDPVNFKLLSHSLL,3.25,3.759,4.012,3.658,1.57
GLLSGTSVRGSI,2.95,2.133,3.314,3.553,2.799
GFKDLLKGAAKALVKTVLF,1.16,1.318,1.287,1.245,0.791
AVNIPFKVHFRCKAAFC,1.467,1.497,1.527,1.434,1.408
QAIFSSQNTSTKQFNDLISCYT,3.949,3.91,4.264,3.522,4.1
GMAKLLAKVLPHVVKLIK,0.937,0.914,1.36,0.823,0.65
GWLKKIGKKIERVGQHTRGLGIAQIAANVAATAR,0.509,1.088,-0.25,0.605,0.593
LVKPLCHTRTGEPVGRLRESVADGSASNSKEAVRPFEATAHDLRNLGE,4.092,3.914,4.617,3.808,4.029
LNKGAILKHIIK,1.313,1.457,1.344,1.229,1.222
FRSGILKLASKIGSVLCAVLKNC,1.18,1.211,1.537,0.906,1.066
VLHTGYRKFLHRSKRFFHLR,0.76,1.207,0.756,0.717,0.36
QIGQRTGPILHSYSLTVNAATNFKFFWF,3.738,3.857,3.923,3.546,3.624
NIKPLADRVLILPAPAEEKTIGGIIIPDTAKEKPLQGEVVAIGNGTKDEEMVLHVGDQVLYGKYSGTELEHDGKKYLIMRQSDVLAVLG,2.95,1.676,2.992,3.565,3.568
TYAYKACELNDLATCRQIKEIAKNACDEGDQDGCKWLDTIKNRK,2.872,3.234,3.138,2.417,2.698
SPAIWGCDSFLGYCRLACFAHEASVGQKECAEGMLCCIPNVF,1.449,1.612,2.386,0.554,1.244
NLKAQLSEGTIVVVFPDGSDRYMSKQIFNYEENDYE,3.913,3.896,4.034,3.604,4.12
IPPFIKKVLTTVF,1.562,1.585,1.555,1.254,1.853
ILFSFKSIYIFVCSLFFGHQSFLHLYY,3.723,3.944,3.804,3.618,3.525
MLTAEEKAAVTAF,2.568,1.892,2.921,3.056,2.403
KKEILCGNCNGAGFLGGFMSTFDETSG,3.768,3.836,3.789,3.415,4.031
KSKDNDSKIELTQKISVLQPIMNIRLFMKVPFQEIRNQ,3.771,3.869,4.056,3.537,3.622
TEHIQFLVVFTQLGNLREDIIACFYHGSDGMTAEVFAAA,4.022,3.895,4.287,3.544,4.363
VGVGGGFGR,2.228,2.678,3.091,1.74,1.404
CRLQIYPPFIILIFFTDLPSIYLQDNTR,3.955,3.881,4.217,3.664,4.059
RQQMCQYNGRSTDFHHNHTYLATVCKRF,3.686,3.878,3.661,3.576,3.627
SMLSVLKNLEKVELEFVACKINKQC,2.333,3.586,2.924,1.168,1.652
ELPGEDPSFCILASNGLRIEAGNQVGVGT,3.72,3.87,3.783,3.473,3.754
AKIPIKAIKTVGKAVGKGLRAINIASTANDVFNFLKPKKRKA,0.437,-0.175,0.553,0.634,0.735
LRNQRSFTLIELLVVIAILAILAVAVVL,3.951,3.879,4.245,3.791,3.888
DGDMIWILAVVKRACKLQSSYLNVED,3.123,1.825,3.541,3.444,3.684
MARRIQVAKMIVEGKGYNEIMKQMKVSCQTITKIEH,3.528,3.762,3.027,3.386,3.937
ITILGYVGFLGAFLGATIVIYFSLVKIKLI,3.942,3.864,4.103,3.696,4.105
KKLKLFKLKQ,1.221,1.434,1.381,1.06,1.01
KWKLFKKILKFLHLAKKF,0.58,0.579,0.687,0.798,0.254
ATQIIDDAPKTGGKKSGIGDILKPLNSEYGKVPPG,2.129,1.762,2.963,2.471,1.319
AIHKLAHKLLPKTLRAVKKLAN,0.914,0.94,0.742,0.8,1.175
QRFSQPTFKLPQGRLTLSRKF,1.303,1.457,1.931,0.862,0.962
FKFVRVAAFGKIAFKMNGTDRRSLPCCRM,3.206,3.474,1.897,3.499,3.954
TRNRAERRHPMMRLKKLIVVLMIDVNAIG,3.948,3.917,4.203,3.573,4.099
LLRHVVKILEKYL,1.096,1.168,1.228,0.853,1.136
CKLFQRAFLKLNLGHHKLFVSEQEENIN,3.217,3.48,4.186,3.592,1.611
ILGPILGLVSNALGGLL,1.438,1.367,1.264,1.144,1.978
TMFSEVENINPVFQEVLNRYYK,3.269,2.447,3.853,3.474,3.303
RGGRLCYCRPRFCVCVGR,0.706,0.409,0.711,0.867,0.839
FFFLRRIF,2.067,1.643,2.095,2.312,2.217
TPVVRKGRCSCISTNQGTIHLQSLKDLKQFAPSPSCEKIEIIATLKNGVQTCLNPDSADVKELIKKWEKQVSQKKKQKNGKKHQKKKVLKVRKSQRSRQKKTT,1.574,2.402,2.254,0.47,1.171
KFKQ,1.951,1.101,2.389,2.004,2.31
CVHWQTNTARTSCIGP,2.466,2.184,2.989,2.058,2.634
KDLYEKDKLDE,3.49,3.84,3.397,3.492,3.231
KLAGLAKKLAGLAKKLAGLAK,1.084,0.873,1.288,1.073,1.1
GLWSTIKNVGKEAAIAAGKAVLGSL,1.012,1.337,0.715,1.272,0.723
AKKVFKRLRKLFKKI,0.782,0.604,0.701,0.83,0.995
VGRMTMTKGFTVEETLMAISNLTIFLYIAVVIYCFSRLSHLKQ,3.883,3.892,4.076,3.423,4.141
SMISVLKNLGKVGLGFVACKVNKQC,1.398,1.491,1.31,1.309,1.484
RWRRWKWWL,0.793,0.624,0.954,0.98,0.614
TDTNVIGECFDEWSRCHRQTRWWTKILFQSCENRCKCKVQLMGNCIKVPFKCFLWKQKRFMCECYGPISGTKPWYCGWEL,0.496,0.347,0.515,0.468,0.654
KTVPVVLKASIKVSSAGFGF,1.742,1.579,1.637,2.015,1.736
GLISGILGVGKMLVCGLSGLC,0.987,0.912,0.899,1.196,0.941
PWDAFSSKSLP,3.912,3.873,4.328,3.58,3.865
WIQPKTKVAPYVRYL,1.777,1.852,1.882,1.511,1.864
FLPIIAGVAAKVLPKLFCAITKKC,0.981,0.949,0.974,1.048,0.953
GIFGKILGVGKKVLCGLSGWC,0.964,0.881,0.931,1.19,0.852
SISVNANGLPPPSPPLQPSGFLVGTALAARGELILGATGFFEVFLDLG,3.926,3.829,4.294,3.683,3.897
IIGEKRMVKKHKLTFDASLLTITYATLQLTEN,3.323,2.869,3.175,3.673,3.576
KVASVIGGL,2.323,2.039,2.776,2.174,2.302
ETRLIAMPVCLYLRFCPFWREIGISADR,3.867,3.87,3.974,3.659,3.963
GVIDAAKKVVNVLKNLP,1.6,1.494,1.823,1.359,1.723
YAHAVHCLIYD,3.531,3.677,4.108,3.066,3.274
TTLNSLP,3.864,3.9,3.936,3.568,4.053
ASFDISSFISTTADTVIKRLYVDREINLFDHYCIISRSPHISRWELKWQATVTCPGWTPVKGKVRGYSNPLSAEREATRDFVQRIVQRGLVTRDEASEWL,1.48,0.989,1.64,0.75,2.54
VVLQTCNPRTSQKPTKPDSTGRGLQHML,3.792,3.886,4.047,3.631,3.604
CTRPNYNKRKRIHIG,1.901,1.479,2.767,0.948,2.41
VIVVFVMN,3.614,3.85,3.966,3.233,3.407
PNISSHPVQKASVGHKLLHFHVQLEV,3.493,3.555,3.576,3.607,3.232
LPLKLQRGLLVLKGIDHQQNFLFLYHHHLQ,3.677,3.877,3.56,3.728,3.543
GLLSGILGAGKRIVCGLSGLC,0.917,0.74,0.918,1.142,0.869
GILGNIVGMGKKIVCGLSGLC,0.942,0.77,1.042,1.195,0.759
NVGFIGLGNMGQAMARNLLKAGHNVTVYN,3.186,3.874,2.447,3.436,2.985
VMYTDSTKHPNGVWMYRCLGKHLLYGCNQICGALGPDDTKDMEATTTVV,3.027,2.185,2.865,3.075,3.984
HEMIASGWLFQ,3.711,3.882,3.911,3.316,3.733
DKLIGSCVWGAVNYTSDCNGECLLRGYKGGHCGSFANVNCWCET,0.544,0.146,0.98,0.676,0.373
QGDGNFVIYTWKP,2.714,2.748,2.834,3.387,1.885
GLLSGILGAGKHIICGLSGLC,0.963,0.83,1.018,1.157,0.846
GFFALIPKIISSPLFKTLLSAV,1.527,1.329,1.097,1.423,2.259
ADAEDIQPLVCD,3.559,3.994,3.874,3.257,3.112
EFRRRYSAKGTIKSSTHITHACMIITGGAS,3.788,3.866,4.05,3.474,3.76
GYTVALTGGIGSGKSTVADAFAQLGVK,3.294,3.958,3.212,3.381,2.625
SDHPVKGYLRFPCMQ,2.949,2.087,3.652,2.801,3.256
RWCVYAYVRSRGVLVRYRRCW,0.811,0.764,0.604,0.719,1.159
FLGLLFKVASK,1.855,1.695,1.904,1.685,2.136
QTQPCSVRNQ,3.418,3.536,3.727,3.528,2.881
EIFQRRTNCLMNCLCLVWFLMYMCTMPI,4.05,3.71,4.384,3.644,4.462
KWWRWRRWW,0.788,0.763,0.981,0.908,0.5
GIMDTIKGAAKDVAAQLLDKLKCKITKC,1.204,1.326,1.537,1.192,0.759
RIKRFWPVVIRTVVAGYNLYRA,0.894,0.769,0.778,0.771,1.26
ALWMTLLKKVLKAAAKAALKAVLVGANA,0.95,1.232,0.873,0.711,0.986
GFWGKLFKLGLHGIGLLHLHL,0.667,1.14,0.899,0.918,-0.288
KIFWLVSHKVNTLGVRQEGQEFWQDFLKYTPIIGIECVK,3.58,3.973,3.57,3.378,3.399
DHYICAKKGGTCNFSPCPLFNRIEGTCYSGKAKCCIR,1.148,1.249,1.033,0.758,1.553
RPEYFEACMLTELIRKNWSLLVPCWSLGQK,3.754,3.862,3.834,3.437,3.883
LRWFTGLLGALLLAFTAGCGARTLSGPAVQGQRVVHCAI,2.861,1.889,2.761,2.867,3.927
VTCFCRRRGCASRERLIGYCRFGNTIYGLCCRR,0.443,0.557,0.007,0.454,0.755
KFHHIFRGIVHVGKTIHRLVTG,0.667,0.651,0.492,0.832,0.693
ITEIINTATLIFTMVLIGLFLGFCLLKAQG,3.721,3.552,3.905,3.555,3.871
KLLKKFLKKQ,1.189,1.344,1.337,1.188,0.885
GLFLDTLKGLAGKLLQGLKCIKAGCKP,1.384,1.221,1.682,1.063,1.572
LRLLQGQLQYWGCPLCLGIRAPAALALFVFMQFGGIIHA,3.718,3.879,3.58,3.562,3.851
SHMLAKISYPFINSLAIMMHLSNFILILFS,3.96,3.894,4.299,3.722,3.923
HVYSMVLYNFHEFCCCHRIEKV,3.602,3.356,3.563,3.532,3.957
RGCVYAYVRVRGVLVRYRRCW,0.775,1.231,0.609,0.628,0.632
DMKENKEAGTIPTSLFFINGIIFYAIVTF,3.864,3.867,4.197,3.607,3.783
KKVWFIFHVCPKLKQRIL,1.434,1.009,1.573,0.819,2.336
FLGVVFKLASKVFKAVFGKV,1.241,1.055,1.612,1.169,1.128
KKFAMVFPGQGSQTVGMLADLALEYQTPSPTTAKGF,3.678,3.9,3.6,3.486,3.726
TDYRKDGHPSVFRNPITGSEQHENKAQDCSHSCLPAVPDAWNELLYATL,3.64,3.861,3.278,3.375,4.047
GILGNIVGMGKQVVCGLSGLC,1.012,1.159,1.011,1.189,0.688
LLMVLLNFQDCVNPVVITCPHTLIVNCDSL,3.897,3.862,4.302,3.625,3.798
WQRRMRKLGAPSIT,2.112,1.93,2.179,2.37,1.968
PAKQVAFAEHAREKMLRGVNVLA,2.863,3.184,3.067,2.808,2.391
RRIKVEIKRLSTARAPIPKPPSG,2.293,2.885,2.27,1.377,2.641
RPKPQQFFGLM,3.056,2.036,3.584,3.142,3.461
WIQPKTKAIPYVRYL,1.688,1.648,1.715,1.539,1.851
DDSGHRENGRHKPPQGQISVSCFVSG,3.543,3.878,3.679,2.789,3.827
AISYGNGVYCNKEKCWVNKAENKQAITGIVIGGWASSLAGMGH,0.376,0.421,0.978,0.639,-0.534
SCQMLYQQYADDKEKLAQLKALWQYAQDIV,3.526,2.486,4.198,3.476,3.944
FRFGSFLKKVWKSKLAKKLRSKGKQLLKDYANKVLNGPEEEAAAPAE,0.636,0.479,0.386,0.703,0.976
GLLSKVLGVGKKVLCGVSGLC,1.004,1.079,1.077,1.19,0.668
HMDIVSLAWAALMVIFTFSLSLVVWGRSGL,3.893,3.897,3.923,3.604,4.15
KIYSYSFD,3.62,3.898,3.989,3.214,3.378
LGGDNYGTFSGSNGNNFQHGSN,3.676,3.845,3.374,3.444,4.04
GLRKRLRKFRNKIKQKLKKI,0.691,0.688,0.891,0.84,0.345
RWCVYAYVRVRGVLVRYRRCW,0.602,0.639,0.536,0.526,0.706
APIVSGGYDF,3.057,3.995,3.365,2.4,2.469
GMEVMHERNAHNFPLDLGAIEAPSTNG,3.577,3.269,3.844,3.577,3.616
GFSSIFRGVAKFASKGLGKDLAKLGVDLVACKISKQC,0.934,1.321,0.883,1.117,0.416
RTCESQSHKFKGPCASDHNCASVCQTERFSGGRCRGFRRRCFCTTHC,0.248,0.311,-0.223,0.638,0.266
RRRVVVVVRRR,1.264,1.033,1.602,0.979,1.443
NQLQNVLEALH,3.591,3.585,4.111,2.733,3.935
IWEGIKNAGKGFLVSILDKVRCKVAGGCNP,1.75,1.432,1.606,2.4,1.56
RYGENLKILKAIKCFIFWHNFTVEVAR,3.435,2.567,3.709,3.601,3.865
DTTSPKRQMGMFLQGQQVSEPDKHLCHG,3.847,3.891,3.891,3.591,4.014
GFFGNTWKKIKGKADKIMLKKAVKIMVKKEGISKEEAQAKVDAMSKKQIRLYLLKYYGKKALQKASEKL,1.088,1.468,1.434,0.648,0.803
KLGIILETKEPEKAWNAFRFASAALVKGHDVKVF,2.853,3.839,2.734,1.43,3.408
NSSCMTPGNSALYRQGMPRSCSVLNRTI,3.8,3.868,3.81,3.486,4.035
GDTICTPCRQESYEINWLGYMGDTKYSPCVQESQNYVYNRARSHEWC,2.345,1.798,2.994,0.977,3.613
TKYFISFFKVIDGLQDLIDRMAVLIYGMK,3.579,2.334,4.263,3.628,4.092
FKAWRWAWRMKKLAAPS,1.078,1.383,1.31,0.934,0.683
PLSQTGSYWYT,3.715,3.861,4.134,3.406,3.459
APRKNVKW,2.142,1.523,2.726,2.167,2.15
RPHGAGEGIDRVPAGPSPSEVGLAIPSGK,3.181,3.315,3.809,3.16,2.439
YLEIISHTDKNWLAEKLSKNIHLKDTCKWCDIVFLI,3.791,3.923,3.652,3.499,4.09
CIEPVNVFVFV,3.774,3.769,4.176,3.569,3.581
KRFGRLAKSFLRMRILLPRRKILLAS,0.511,0.846,-0.091,1.115,0.174
NIDELTKRINELHKKHKEEGLSEDEHKEREELRKEYINRFKSNLREQLKGIEPKNKKN,3.807,3.89,4.007,2.936,4.397
GLFSVLGAVAKHVLPHVVPVIAEK,1.14,1.249,0.917,1.075,1.32
KQVRDQMMAGS,3.748,3.833,3.992,3.43,3.737
GLNALKKVFQGIHEAIKLFNNHVQ,1.513,1.554,1.313,1.305,1.882
LLMIEGIDRVCVCTINMYRCQGLLCVYT,3.815,3.916,3.929,3.511,3.904
EATLVSANDVGTCRGDDVADNIPTRLLV,3.871,3.884,3.964,3.742,3.895
SIPVFVEGLSLLLEKKKKIFLQYHKGRG,2.902,2.195,2.566,3.077,3.77
LTGIFARNCLILSLIIIGIHINKLSIQNKYTYFRFYMGVMS,3.689,3.839,3.898,3.489,3.529
VNDKKTSCKSRLVVTTSMVSEWMLESPRIL,3.845,3.928,4.125,3.663,3.664
LAAQGLKPAEATLAQMEALWTAAKQDERR,3.544,3.671,3.368,3.429,3.707
RWWRRWWRWWRRWWRR,0.867,1.016,0.681,0.966,0.804
GIGKFLHSAKKFGKAFVAEIMNS,1.383,1.617,1.434,1.228,1.253
FFHHIFRGIVHVAKTIHRLVTG,0.616,0.687,0.528,0.787,0.46
PSSKKNNRSVIEKQLPHHRKTAASPPKNSCFTTEKQTFNR,3.899,3.893,4.129,3.543,4.031
IVSSMFVSA,3.527,3.886,3.562,3.579,3.08
DGDQAMAFPCGLSRAGTRSSAS,3.713,3.8,3.694,3.5,3.86
VSLFPVSLFP,2.802,2.169,3.433,2.385,3.222
RTCESKSHRFKGPCVSTHNCANVCHNEGFGGGKCRGFRRRCYCTRHC,0.133,0.479,-0.709,0.385,0.378
SHGSHETDEEF,3.549,3.176,3.711,3.367,3.942
VYRQALEVPKLGFRRPPGRKSA,3.177,3.878,2.743,2.586,3.503
SCREGLMSPQTETKAS,3.589,3.904,3.661,3.52,3.269
AQEMCSTEEWYLIHDSRKPTGISVKYTA,3.923,3.876,4.045,3.477,4.293
RWRWRW,1.217,0.925,1.426,1.768,0.748
AHFAVSVLVISTPILGMFCCIC,3.619,3.9,3.4,3.406,3.771
AQKIISTIGKLPKWIIKTVNKFTKK,1.117,1.074,1.502,1.337,0.556
PVCLGRGKTGHTYSLVHMATRHTRVPGL,3.58,3.683,3.544,3.577,3.517
KRTRASIQNPAINFRRFIVNLSVQTFLVL,3.959,3.863,4.388,3.687,3.899
PAGQLLPQCIKKAISPSGHLRLIDWHAFM,3.425,2.296,4.059,3.516,3.83
SFSYFLWGET,3.495,3.926,3.644,3.379,3.031
AIFIFIRWLLK,1.68,1.661,1.344,1.732,1.982
SILPTIVSFLTKFL,1.93,1.397,2.27,1.335,2.72
YINLRTKTCSQLLIYRNITISLAAASYN,3.88,3.9,3.977,3.653,3.991
LTITSYFGFLLAALTITSVLFIGLTKIRLI,3.853,3.899,4.066,3.661,3.786
VRCFNHSFYTFSSTTFILGPFKVFLRSLWSPQCVHCSKNC,3.43,3.9,2.863,3.264,3.693
SFNYIKMLPLDTIKIDRSLLISVETDKKH,3.701,3.886,4.216,3.621,3.079
FIKELLPHLSGIIDSVANAIK,1.653,1.418,1.39,1.905,1.901
FFHHIFRAIVHVPKTIHRLVTG,0.716,0.501,0.526,1.142,0.695
LHKKVLLALTASLICQESLFSKEKDYTLGKVSTAGKKDKSDYSGQVNL,3.805,3.89,3.728,3.65,3.95
RFKKVHPKLPIYSARINRDYRAVGQLEDDTVIWFWVGSHAEYDMLLEQL,3.109,2.265,2.589,3.688,3.894
RQIEIACPYYSMVETCHIPQNIDVRWVKK,3.674,3.875,3.191,3.542,4.09
WRWWRRWWRR,0.784,0.558,1.045,0.895,0.636
FFHHIFRGIVHVGRTIHKLVTGG,0.67,1.235,0.3,0.799,0.347
DEDDD,2.027,1.09,2.056,2.683,2.281
GLPVCGETCAGGTCNTPGCSCSWPICTRN,1.176,1.335,0.965,1.517,0.887
KIRKLLYETDEVLGLRHMIRYYAPLCFKTTFVTMRNNMG,3.746,3.876,4.044,3.412,3.651
TRSTSSSWAT,3.721,3.835,3.812,3.473,3.762
GLLSGILGAGKKIVCGLSGLC,0.931,0.659,1.059,1.161,0.843
HRAYRFRLDPTRKQAELINQTIGCCRFV,3.504,2.906,3.871,3.515,3.726
GVFLDALKKFAKGGMNAVLNPK,1.334,1.259,1.46,0.948,1.668
RRAAVVLIVIRR,1.161,1.54,1.149,0.877,1.079
LVTLASHLPSDFTPAVHASLDKFLANVSTVLTSKYR,3.79,3.856,3.723,3.692,3.889
NPFKKLERVGQHIRDGIIKAGPAVEVIGQANSIARPAGK,1.105,0.327,2.357,1.482,0.252
KKCPIVVIRVCK,1.602,1.706,1.343,0.893,2.468
SYESFESAHLQAALAAAAHSSTLLRRFTR,3.713,3.878,3.859,3.747,3.366
FACRRWQWRMKKLGA,1.571,1.497,1.32,1.488,1.978
MPLSWFFPRTWGKR,2.189,1.542,2.177,2.558,2.478
SMTSNTHVQNPSSAPAAQPCFLNCLTQLILLRKQALQRAN,3.666,3.869,3.903,3.455,3.437
FLGALFKALSHLL,1.126,1.062,1.224,1.261,0.958
LRLKSIVSYAKKVL,1.316,0.84,1.328,1.712,1.384
DFWSYKYPDPFLGSGALPNGAVVAQVL,2.903,2.294,3.488,3.595,2.235
PRPPRLPRPRPRPLPFPRPGPRPIPRPLPFP,0.963,1.085,1.583,0.734,0.449
KWVILTKINDIDEKSKNFSFLKFLQKKSIFPKNNFC,2.915,1.207,3.158,3.49,3.805
SPDGMQRLLRWTDWDVDAVRDDVRDYVIEYSATRPES,3.831,3.916,3.953,3.523,3.933
TSKTAWTTPRFVEICIGLEINGYLPPEI,3.926,3.873,4.134,3.583,4.115
ASNITSAKIII,3.645,3.879,3.86,3.353,3.488
VRSPSTTAAADEVGGGRPAASS,3.918,3.985,4.303,3.411,3.971
QRGGFTGPIPRPPPHGRPPLGPICNACYRLSFSDVRICCNFLGKCCHLVK,0.92,0.891,1.271,0.527,0.993
SVLDGVSLLLAVGLFIYLLVALLRADQH,3.902,3.885,4.162,3.761,3.798
GAGLRAAAAAAPEEELGLCTGAMRSSRRLK,3.873,3.925,4.476,3.485,3.604
VYGIYGLDLFWYVLSYDVSHVI,3.849,3.954,3.962,3.636,3.843
ALRFPRFSQGLAQDP,3.658,3.923,3.673,3.508,3.528
SYIPGQPVTAVVQRVEIHKLRQGENLILGFSIGGGIDQDPSQNPFSEDKTDKVNGWDMTMVTHDQARKRLTKRSEEVVRLLVTRQSLQKAVQQSMLS,2.315,2.875,2.675,3.614,0.095
TNVKESEFIAEGAAGR,3.282,3.116,3.8,3.085,3.127
ASNFDCCLGYTDRILHPKFIVGFTRQLANEGCDINAIIFHTKKKLSVCANPKQTWVKYIVRLLSKKVKNM,1.298,1.094,2.627,0.939,0.532
PKEMILQMSLIILEAYHLNFNA,3.783,3.948,3.906,3.662,3.615
KDWEHLKDWEHLKDWEHL,0.966,0.476,1.076,0.666,1.646
RLARRVVIRVAR,1.04,1.145,1.13,0.989,0.896
KKSYVMRGGNARNKNLSAFKCL,2.785,1.89,3.13,3.391,2.727
GANAAKKLATFAKKIFTAYW,0.987,0.858,1.275,1.173,0.642
KWKSFIKKLLSKFLHSAKKF,0.721,0.813,0.755,1.062,0.253
INLKALAALAKKIL,1.135,1.107,1.376,1.22,0.837
AKPFLPLLVSPAALLVPSQLRKPELLRPR,3.096,2.112,3.199,3.662,3.411
STPSMIDEPSTFSAGADIFTGKIELP,3.642,3.921,3.378,3.482,3.786
KWKLFKKIFKRIVQRIKDFLRN,0.77,1.35,0.274,0.405,1.053
WIQPKTKVIPAVRYL,1.741,1.673,1.692,1.573,2.025
RLFTASLMTDLSWGNLLPSSHTIRVKSIEE,3.86,3.877,4.332,3.727,3.504
KSGLVMSESQKTNIDPTTGRALPKGVGYRGPSQH,3.549,3.883,3.415,3.384,3.514
KWKSFIKKLTLKFLHSKKKF,0.667,0.805,0.798,0.951,0.113
FRLEYSIETPTFGPPLRESTKEAPGVR,3.687,3.912,3.588,3.579,3.67
QQASRSGARKVFLEAKGASLFRSPAGLDQR,3.817,3.901,4.062,3.591,3.712
ETIVKLSITLLLLLLTLLTKGKISKE,3.416,3.886,3.56,3.484,2.734
VVVLLFVACVGSRLVGGVVGAHLQNEELTI,3.797,3.846,3.913,3.594,3.836
CFVMNPILIDFKVMSNCLKVTVGFDHAFNLVANMGGMGFI,3.631,3.898,3.788,2.994,3.846
GVAHIEDVDAKDAEGISAPPDHQRKDSVSA,3.792,3.898,4.2,3.384,3.684
DITSIAWAALMVVFTFSISLVVWGRSGL,3.967,3.936,4.219,3.736,3.978
ENAEEDIVLMENLFCSYIVGSADSFWT,3.893,3.906,3.875,3.733,4.06
FPISTLLKWWKG,1.554,1.322,1.525,1.324,2.046
LNEMLIEKEFELACQSSLEEYGLTEDPFLK,3.925,3.871,4.222,3.669,3.936
WGIRRILKYGKRS,1.131,1.401,1.11,1.025,0.987
GVWSTRVSRA,2.852,2.058,3.23,3.424,2.697
FGSTKSSDFSEYDSEKQNLFGLLLGQKIK,3.673,3.879,3.57,3.561,3.682
GWKASLPLSG,2.545,1.868,2.948,3.197,2.166
PQLSKGLMPQL,3.524,3.15,4.094,3.361,3.492
FPFLVVWGRSGL,2.731,3.68,2.2,2.557,2.488
RRSKARGGSRGSKMGRKDSKGGSRGRPGSGSRPGGGSSIAGASRGDRGGTRNA,1.918,1.163,2.144,0.959,3.405
LTITSYFGFLLAALTITPVLFIGLNKIRLI,3.788,3.887,4.052,3.645,3.568
DNCLLNYQALLLEGPVLLTQPHFFQTMKKR,3.728,3.915,3.92,3.659,3.417
TEQIEAFEPVASDDYDQELTCLEPPVEA,3.94,3.902,4.273,3.703,3.883
FWWILLGIWGLGMIWLIIELITAPEMEDHC,3.025,2.111,3.755,2.568,3.667
ANVICMGERLIAEEAAVEALRAWLDAEFEGGRHEGRVAKLGAIGR,3.903,3.823,4.3,3.484,4.004
QACSWDLEFDFVKFWVLVMWFCNWCCIV,3.967,3.943,4.11,3.602,4.215
NLEETVDVVNKSLLEHIISSHGADTPLASVAQPPFSIKLKNAFEL,3.601,3.868,3.23,3.52,3.786
QGWEAVAAAVASKIVGLWRNEKTELLGHECKFTVKPYLKRFQVYYKGRMWCPGWTAIRGEASTRSQSGVAGKTAKDFVRKAFQKGLISQQEANQWLSS,1.29,1.09,1.696,0.424,1.95
EDHFTHQYFSRQCFERHHAREVLERALCAGALLFGLTASFAACLFI,3.859,3.866,3.793,3.679,4.097
VIRTVVAGYNLYRAIKKK,0.936,0.991,0.907,1.065,0.779
RIRWILRYWRWS,0.953,0.917,1.061,0.846,0.989
GFMDTAKNVAKNVAVTLIDNLKCKITKAC,1.014,0.605,1.206,1.103,1.141
RRWWWRWRRW,0.796,0.622,0.903,0.821,0.84
KIVSRIQCEIFLTVYLNFLIHPFRRTHFIQ,3.883,3.859,4.211,3.672,3.788
APDRPRKFCGILG,2.258,1.88,2.184,2.994,1.974
LVGEGPY,3.455,3.904,3.662,3.131,3.124
IEPPEEYMCIKDLAWTGNPIRV,3.594,3.63,3.773,3.488,3.483
RLNTTFRPLNFKMLRFWGQNRNIMKHRGQKVHFSLILSDCKTNKDCPKLRRANVRCRKSYCVPI,0.991,1.557,1.538,0.666,0.204
GKYGFYTHVFRLKKWMQKVIDRFGG,1.589,1.054,1.289,1.644,2.37
APKAMRLLRRLLRLQKKGI,0.558,0.784,0.497,0.85,0.102
KDEPQRRSARLSAKPAPPKPEPKPKKAPAKK,2.483,1.823,3.338,2.972,1.799
ISYKTLSGTWHRYVITCKTISRIWHCTSFM,3.784,3.885,3.844,3.484,3.925
SVLDGVSLLLAVGLFIYLLVALLRADQG,3.9,3.901,4.122,3.709,3.866
SPLKAVAVLTGADVKGVVQFT,2.294,2.145,1.734,2.534,2.765
SNKGKDQGRGSEHVENGHSGCADRPEER,3.826,3.88,4.136,3.493,3.796
PTITSYFGFLLAALTIASALYIGLSKIRLI,3.876,3.894,4.099,3.654,3.855
KNKRKRRRRRRGGRRRR,1.613,1.805,2.238,0.526,1.885
RCSEPNITFNEQREDLRRNENEVMPEQTGKQSDNRLTVR,3.603,3.891,3.779,3.264,3.476
VTCDLLSFEAKGFAANHSICAAHCLVIGRKGGACQNGVCVCRN,0.551,0.737,-0.005,0.758,0.715
RMFLHRTQPNHSFKPHANLISLHKTHHR,3.748,3.838,3.863,3.597,3.693
SSDGIDLFVQALSLSLSHICIIFWQWLCSS,3.931,3.865,4.139,3.666,4.052
DSMGAVKLAKLLIDKMKCEVTKAC,1.089,1.585,0.545,0.996,1.229
GIFSLIKGAAKVVAKGLGKEVGKFGLDLMACKVTNQC,0.976,1.269,1.068,0.821,0.745
HRIHSSSTCQQQGEGRSYCFQPHKHL,3.146,1.958,3.236,3.469,3.921
IRVVELAKKSRPYTEKQVYIALACNIFANETLNAQRLI,3.532,2.956,3.841,3.515,3.816
PKLLKKFLKKWIG,0.98,0.807,1.206,1.075,0.833
CCPLLKRIPARKLLALKLVFAHLTKIVLGSASY,3.028,3.191,1.816,3.51,3.596
AIPCGESCVWIPCISTVIGCSCSNKVCYR,0.994,1.354,0.988,0.955,0.677
SVIGKIASKVVPSVYCAISK,1.6,1.706,1.544,1.73,1.419
ACQFWSCNSSCISRGYRQGYCWGIQYKYCQCQ,0.933,1.436,0.766,0.927,0.602
FIGPVLKMATSILPTAICKGFKKC,0.873,0.839,0.722,1.144,0.785
FMPIIGRLMSGSL,2.176,1.655,2.648,1.981,2.422
TQPSRRAKRKRLDSKKKRGQVKAMRGNIRD,3.767,3.879,3.857,3.602,3.73
GVWDWIKKTAGKIWNSEPVKALKSQALNAAKNFVAEKIGATPS,0.771,0.651,0.741,0.648,1.043
RVKRVWPLVIRTVIA,1.38,1.427,1.209,1.204,1.682
LFVYCWLRCFQDMFCTCLCHKVACNL,2.658,1.806,2.577,3.502,2.745
KVANTVQKLKRKAKNAVA,1.55,1.415,1.411,1.421,1.954
RCCGLEVPRLQFRESNKNREALARMPRW,3.249,2.622,3.436,3.558,3.379
PNIESVLFFVRMSVLLTLSVLLTSWPFL,3.92,3.907,3.996,3.798,3.978
IESVKRKC,3.535,3.577,4.099,3.285,3.177
CFCKRPVCDSGETQIGYCRLGNTFYRLCCRQ,1.229,1.546,0.962,0.783,1.624
KCRRYCYRQRCVTYCRGR,0.274,0.266,0.278,0.63,-0.078
RTAALAATRPLPPPPPPLPRRSLEARQGR,3.79,3.915,3.982,3.576,3.686
DSHAKRHHGYKR,1.815,1.5,2.846,0.928,1.987
GADDDDD,2.255,1.738,2.55,1.77,2.963
HRHATLHRHSAIAAEQWVKKDKATSPQQQ,3.802,3.95,4.097,3.626,3.533
LILTRRVGETLMIGDEVTVTVLGVKGNQVRIGVNAPKEVSVHREEIYMRIQAEKGNGNVAPGNY,3.981,3.857,4.131,3.777,4.158
AHCLAIGRR,1.7,1.455,2.319,1.29,1.736
GALFGLASKVFPAVFGAFKK,1.274,1.903,1.285,1.129,0.779
GLFRALLRLLRSLWRLLLRA,0.731,0.834,0.82,0.759,0.509
GMWSKIKNAGKAAKAAAKAAGKAALGAVSEAM,0.956,0.438,1.028,1.17,1.189
AYGAIHFFIRTIFIQNCDVRDKAISESFKA,3.648,2.736,4.327,3.664,3.864
KWKSFLKTFKSPVKTVFYTALKPISS,0.775,0.473,1.01,0.894,0.722
QVVRNPQSCRWNMGVCIPISCPGNMRQIGTCFGPRVPCCRRW,0.838,1.553,0.503,0.476,0.818
ISLNPPRSTIAMRAINNYRWRSKNQNTFLR,2.889,2.237,3.861,3.417,2.039
KLLLKFKKKQ,1.244,1.318,1.374,1.215,1.07
AMIAIRLMVLTRMRRPGMLRELNWQRRRGEGQIIRDDIATISCKR,3.807,3.905,3.908,3.359,4.055
EVDGPCEDLFKTGSGADAEPLFLAPCSLCSGSKVTY,3.591,3.639,3.453,3.466,3.807
HHHLFGHVGHEVERSLHKVGHKLEHACHEVHKTAKKVQK,2.578,1.65,1.862,3.183,3.618
DTTTRISYSHS,3.676,3.882,4.108,2.889,3.826
STIGKLPKWIIKTVNKFTKK,0.986,0.841,1.213,1.27,0.618
SSGWVCTLTIECGTVICAC,1.706,1.546,1.347,1.361,2.57
EWKLPDLIINHITLTRRNCFKYRCG,2.712,3.899,2.869,2.325,1.755
KVLPEKIIVEIWAIH,2.971,3.666,2.168,3.221,2.829
VGQVRLRLED,3.263,3.74,3.475,3.096,2.74
NARFFVLGKCSLATCQISLGNLTEIVKLFCRNDKKMVN,3.694,3.003,4.068,3.537,4.168
GMASKLAKVLPHVVKLIK,1.0,0.958,1.283,0.943,0.816
PKRTKFRKQHRGRMKGVATRGNHICFGKF,3.575,3.874,3.854,3.362,3.209
KKLKKFKKLQ,1.253,1.383,1.461,1.135,1.034
RWLLKLGHHGRAPP,1.205,1.499,0.993,1.529,0.799
ADTTGRIPLWIIGTVAGILVIGLIGIFFY,3.867,3.864,4.232,3.518,3.852
PRPRPLPFPRPG,2.373,2.168,2.703,1.732,2.889
GVFDIIKGAGKQLIARAMGKIAEKVGLNKDGN,1.323,1.611,1.234,1.013,1.435
YPDPYPDP,2.992,3.048,3.554,2.111,3.256
SLLDTFKNLAVNAAKSAGVSVLNALSCKISRTC,0.812,0.955,0.42,0.977,0.897
PDPGQPWQVKAGRPPCYSIPCRKHDECRVGSCSRCNNGLWGDRTCR,1.559,2.151,2.11,0.358,1.617
REAICIHIGQAGYQIGNACSQLFC,2.16,1.77,1.989,3.35,1.532
YRLNEIRISCRYRHNQIRLSCR,3.384,3.671,2.796,3.299,3.77
QSHLSLCRWCCNCCRSNKGC,0.951,1.166,0.37,0.945,1.325
KWKLFKKLKVLTTGL,0.585,0.591,0.594,0.768,0.387
YQEPVLGPVRGPFPI,2.118,1.352,2.739,1.745,2.635
RVRRFWPLVPVAINTVAAGINLYKAIRRK,0.918,0.261,1.845,0.923,0.641
GWLKKIGKKIERVGQHTRDATIQGLGIAQQAANVAATARG,0.733,1.185,0.01,0.837,0.901
TEKYMLKVGTNNNHIKHLCFSSYYLREFGP,3.542,3.52,3.487,3.353,3.807
LPCIAIAPPSSPHTDMPNKSRTSWFCHEH,3.73,3.873,3.739,3.606,3.703
STPRTLKSIHIDKQGHLLAYYSKAQQRKGICFMEDKST,3.436,2.891,3.63,3.452,3.771
FLPIVGKLLSGLSGLL,1.082,0.721,1.294,1.261,1.05
RKCLRWQWAMRKYGG,1.457,1.77,1.703,1.036,1.318
KTCMTKKEGWGRCLIDTTCAHSCRKQGYKGGNCKGMRRTCYCLLDC,0.698,1.232,0.649,0.359,0.55
ITGLNCINKSFPGFEGLLHTFSQ,3.006,1.714,3.507,3.433,3.371
ASPTVFRSSVFLSLFVVAKK,2.036,1.748,1.869,1.459,3.067
DDDDDDD,2.266,1.916,2.043,2.114,2.992
NETPYKRSSNQVNPNPNESLKQ,3.735,3.876,4.117,3.385,3.56
GKAGTVSFGCLEPGHYGAGMKGAVSVL,3.137,2.866,2.979,3.374,3.33
MEKKSLAGLCFLFLVLFVAQEVVLQTEAKTCENLADTYKGPCFTTGSCDDHCKNKEHLRSGRCRDDFRCWCTKNC,1.21,1.753,1.279,0.974,0.835
KQMSCHTHILIPLNKSKQVIRKHKNLNQ,3.734,3.7,4.382,3.542,3.31
FFGPLIKIATGVLPNLICKALGKC,0.982,0.975,1.117,1.172,0.663
KWKLFKKIPKFLH,0.6,0.555,0.868,0.627,0.351
LKLKLFKKKQ,1.298,1.322,1.44,1.242,1.188
LTCNIDRSFCLAHCLLRGYKRGFCTVKKICVCRH,1.012,0.446,0.898,2.493,0.212
LARLSFRRATLNCVKSDDAVDFLLLSLRT,3.866,3.909,4.11,3.799,3.644
ETATSVAIFTSRSLVSFTGYALYTAFGQPSVELRDPFEEHED,3.745,3.941,3.587,3.64,3.811
PMERWKYLAARRCQTKCEKLRHIPKDKNS,3.169,2.342,3.799,3.257,3.279
HKWMSLLKHILK,1.225,1.005,1.401,1.272,1.221
PGLAPVLPLH,2.898,3.195,2.752,3.198,2.446
ASSKEREENTN,3.78,3.843,4.058,3.441,3.779
PIPSLDMQVARTIIIKFECTAHAKQNSGPL,3.792,3.886,3.827,3.529,3.926
KLKKLFKKLQ,1.17,1.248,1.423,1.154,0.856
RKFHEKHHSHRGYR,1.338,1.435,1.786,1.18,0.95
YYSHGCRQLHISFLL,3.72,3.923,3.918,3.46,3.58
FLLPPSTACCTQLYRKPLSDKLLRKVIQVELQEADGDCHLQAFVLHLAQRSICIHPQNPSLSQWFEHQERKLHGTLPKLNFGMLRKMG,2.734,1.785,2.779,3.214,3.158
GRFRRLRKKTRKRLKKIGKVLKWIPPIVGSIPLGCG,0.288,0.258,-0.402,0.387,0.911
KWKLFKKPKFLHLAKKF,0.575,0.59,0.603,0.706,0.4
SLSRFLSFLKIVYPPAF,2.034,1.605,1.783,2.754,1.992
SKRHGLVRLELIEGLVYIDNCIVENC,3.434,2.714,3.574,3.475,3.974
VWRHWRRFW,0.961,0.902,1.097,0.952,0.893
RGFRRR,1.722,1.221,2.363,2.186,1.119
ACYCRIPACIAGERRYGTCIYQGRLWAFCC,0.484,0.204,0.573,0.646,0.511
ITSLIDFFISYIRRAPVAEYQSQPATVEH,3.927,3.861,4.022,3.689,4.137
PYPILIKQRIVSAQDSVKDFFFPSSKHK,3.787,3.945,3.844,3.639,3.718
LVRGCWTKSYPPKPCFVR,0.933,0.854,1.284,1.051,0.542
ELKSEMHTPKIVADLLGITPDLLKVWSN,3.757,3.872,4.104,3.622,3.431
KNNSVISQEEKKGSAA,3.564,3.941,3.613,3.497,3.204
DVLGLINTFKEFRHAESITLSLATVQAG,3.774,3.894,3.755,3.485,3.961
KLLKKLLKLWKKLLKKLK,0.989,1.3,1.07,0.96,0.624
KILRGVSKKIMRTFLRRISKDILTGKK,1.347,1.194,1.884,1.486,0.825
RAKWRKKRTRRLKRKRRKVRARSK,1.407,1.358,2.078,0.452,1.74
SINLRHGMPSTISLSQDNSGRLNSSFTRLIQRGASSS,3.884,3.889,3.949,3.713,3.985
RWCRYAYVRVRGVLVRYRRCW,0.517,0.809,0.329,0.529,0.402
APRGFSCLLLSTSEIDLPVKRLLSSVF,3.769,3.905,3.872,3.656,3.642
TDHQMAQSACIGVSQDNAYASAIPRDCHGG,3.734,3.877,3.567,3.524,3.969
RTCESQSNTFPGICITKPPCRKACISEKFTDGHCSKILRRCLCTKPC,0.146,0.379,-0.692,0.545,0.352
RRWYRWWR,1.502,1.61,1.518,1.038,1.843
GGAGHVPEYFVGIGTPISFYG,1.416,2.014,1.856,1.291,0.504
CLVGFLPEFRIKTSMMAPLPMN,3.75,3.827,4.081,3.432,3.659
KKLLKFKLKQ,1.201,1.401,1.344,1.085,0.972
GLRKRLRKPRNKPKEKLKKI,1.299,1.199,1.187,0.934,1.878
KKVVFKVKFK,1.35,1.004,1.517,1.277,1.604
KWKSFIKKAKTSFLHSAKKF,1.048,1.165,1.023,1.019,0.985
ERFKELTSNVKPKINETKKDESSGQVVWP,3.752,3.902,3.951,3.464,3.691
GLFSVVTGVLKAVGKNVAKNVGGSLLEQLKCKISGGC,1.039,1.239,0.823,0.842,1.254
PSSRELETPLPQGPQAENQEPPLFYYRRI,3.513,3.902,3.509,3.703,2.939
RLVVFFNGFNLWLLAYYKHATNTNHTITERYAHAIKRLDKNNEK,3.521,3.175,3.442,3.428,4.038
FWGALAKGALKLIVGSLFSSFSKKD,1.229,1.497,1.144,1.054,1.219
EKVFVGGELIYDQGRFLKTEEIERLLND,3.863,3.882,4.118,3.562,3.889
MTPFWRGVSLRPIGASCRDDSECITRLCRKRRCSLSVAQE,2.282,3.361,2.795,1.038,1.934
WKPLPSGCTTTPGAGAASVTGGPTLSAR,3.439,3.125,3.96,3.422,3.248
TWLWELLMKP,2.556,2.017,2.937,2.557,2.713
RHSQKQDPAVQTETFHTGHRNDTNTNP,3.644,3.832,3.917,3.606,3.222
MLGWRGNWGQEPNKNQFFHLPEPKSAVLS,3.622,3.868,3.498,3.557,3.566
APRDSKTNGEVRTSSRMSLCVCTTYASPID,3.749,3.656,3.944,3.499,3.898
LVKDNPLDISPKQVQALCTDLVIRCMCCC,3.404,3.879,3.21,3.64,2.885
SISTILAFSSQDLSIS,3.571,3.887,3.692,3.202,3.502
YLLTEFQHLFK,3.437,3.929,3.879,3.133,2.805
DDDMAAGSTAS,2.927,1.864,3.632,2.607,3.605
QNICPRVNRIVTPCVAYGLGRAPIAPCCRALNDLRFVNTRNLRRAACRCLVGVVNRNPGLRRNPRFQNIPRDCRNTFVRPFWWRPRIQCGRIN,0.469,0.714,0.171,0.44,0.553
FLPVIAGLLSKLF,1.153,1.347,1.197,1.097,0.971
SSRVRTEIKLLALLAYVPIRYLEKGRIW,3.7,3.909,4.026,3.572,3.294
KRYSNYRANHLMTAYRIRTFFSLFSLFSST,3.799,3.833,4.023,3.599,3.742
LNQDVTISQHQSEFNHYLDHVRYQLLKRYP,3.78,3.888,3.718,3.699,3.813
IFLISMSFWTMKAQKIARPFACFCALDAIFSLLSGEIQQI,3.763,3.877,3.635,3.512,4.03
DTIPCGESCVWIPCISSILGCSCKDKVCYHN,0.692,0.66,0.764,0.73,0.613
KFWEAVNQHQQYEPTTTTVDSQSFSSYT,3.776,3.902,3.838,3.533,3.829
KLLQTFNQIFR,2.996,2.46,3.697,3.0,2.828
KLLKKFKLKQ,1.182,1.362,1.347,1.188,0.831
NLRKIPV,3.183,3.287,3.292,3.195,2.956
PILTSYFGFLLAASTITPALFIGLNKIQLI,3.755,3.897,4.153,3.636,3.333
ATGKVVQGAMPP,2.986,2.887,3.267,3.256,2.535
LSNSSSTVDIVK,3.747,3.86,3.732,3.615,3.782
NVLLISLDFTLFITH,3.684,3.87,3.792,3.58,3.492
VVRFTVQRAKIAARMIIFAGKTAKGGTSQ,2.816,3.134,1.907,3.522,2.701
DLQAVVQLIGNVGFPIALSLILLQTTYQI,3.925,3.872,3.949,3.75,4.13
KYEIAFELGVTLGPDTSHHLQMVRIGGEITKRLVRMAEKQLTGQYRVH,3.774,3.883,3.93,3.572,3.712
KKLFKKILKYLAGPAKKLFKKILKYLAGPAKKLFKKILKYLKDEL,0.581,0.971,0.494,0.431,0.429
FLGSLLGLVGKVVPTLFCKISKKC,1.075,1.16,1.023,1.173,0.945
APSVYYYLTTDCMQSGSKHLDGVQMHKDVS,3.785,3.88,3.665,3.642,3.952
KVFKRLEKLFS,2.362,1.754,2.559,2.19,2.945
TVSRSSAEAEYHVVAHAVAECC,3.618,3.783,3.511,3.391,3.787
GSKKPVPIIYCQRRTAKCQRM,0.766,1.014,0.547,0.75,0.752
QVVLGAFLALRAWQLRRLDRAEVSSSTPLT,3.357,2.729,3.875,3.843,2.982
AKAWGIPPHVIPQIVPVRIRPLGGNV,1.159,1.239,1.399,0.76,1.237
MGALFKAALKAAGGGAAGGATYGGLKHFFG,0.97,1.113,0.944,0.85,0.974
SNTLFKLVLSTNNSAEQIWKVI,3.695,3.875,3.58,3.551,3.775
GEVMPGQW,3.51,3.302,4.068,3.363,3.307
KLKKLFLKKQ,1.197,1.331,1.342,1.099,1.015
LGVIRLSALL,2.251,1.601,2.133,3.028,2.243
AYGAIHFFIRTIFIQNGVVRDKAISESFEV,3.938,3.866,4.299,3.65,3.937
DASSKEQQMVNYCVLLVGMQIIRSIQLRGL,3.827,3.609,4.023,3.727,3.947
GRTLSANQDLHYASYSITTCLP,3.862,3.903,4.108,3.433,4.004
LNIREPNTCVFLTRDTVSTSDTDSGV,3.747,3.892,3.582,3.631,3.884
GILSSFKGVAKGVAKDLAGKLLETLKCKITGC,1.217,1.382,0.758,1.285,1.445
GIFSKLAGKKIKNLLISGLKNIGKEVGMDVVRTGIDIAGCKIKGEC,0.411,0.592,0.239,0.417,0.397
MELRGCNNSGCDSVCRALGFNHGRCVSADTCRCYN,1.183,1.201,1.469,1.542,0.519
LSAKDVAVRAWDESFNTQPDKLIWNLM,3.751,3.891,3.529,3.747,3.837
RHWRRFWHR,1.216,1.479,1.278,1.132,0.974
VAEENQVN,3.199,3.298,3.56,2.687,3.249
KPKGMTSSQWFKIQHMQPSPQACNSAMKNINKHTKRCKDLNTFLHEPFSSVAATCQTPKIACKNGDKNCHQSHGAVSLTMCKL,0.126,-0.393,0.626,0.26,0.011
FLGWLFKVASK,1.801,1.916,1.833,1.501,1.956
PLAIGIALAGAHLLNTPVRGQPLYRALVYLPSIVPV,2.944,1.617,3.465,3.568,3.126
WLFLIATDAIDGEALEHLDHDDLFTHHDPNAVY,3.606,3.903,3.491,3.59,3.441
EKFEKEAAELG,3.672,3.923,3.998,3.355,3.411
FLSLIPHIVSGVASIAKHF,1.137,1.209,1.322,1.166,0.85
EAGAGCRPYCCDLLWHTCFGSCILYASMGD,2.953,2.327,2.429,2.797,4.261
CPKTLRTSSTKQGSWIPKHSFWKKSRRK,3.15,2.556,3.783,3.508,2.752
TFLLVGTLGIIFFAIFFREPPKVPSKEKK,3.788,3.887,3.563,3.505,4.199
WKKWWKKWWKWWKKWWKK,0.236,-0.46,0.47,0.823,0.109
IEVLLSGIVLGLIPITLAGLSVTAYLQYRRGDQLDI,3.749,3.861,3.831,3.645,3.658
AIRRWRIRK,1.473,1.541,1.32,1.401,1.629
GPCASDHNC,2.591,2.773,2.918,2.264,2.409
FLGAIAAALPHVINAVTNAL,1.368,1.463,1.508,1.21,1.291
AQRNSATIQV,3.289,2.452,3.668,3.363,3.675
LVSGFGTRLRPLTLS,2.97,2.006,3.611,3.55,2.713
NLVDIAILILKLIVAALQLLDAVLKYLK,3.739,3.859,4.099,3.668,3.328
CMTRHPFTQNLICTIDSNSVCAFLYHLNEKKLLV,3.817,3.894,4.158,3.557,3.659
GALFKVASKVLPS,1.643,1.724,1.792,2.037,1.017
GIKDWIKGAAKKLIKTVASHIANQ,1.036,1.171,1.073,1.172,0.729
IVGGYECEAYSKPYQVSINLGY,3.503,3.244,3.442,3.363,3.963
NRYESFRQIRTNSMISILEKVKTKAIHTRKSIFKNQNFL,3.825,3.944,3.779,3.525,4.052
PVGRVHRLLRK,1.994,1.744,2.152,2.061,2.019
MRKWFHNVLSSGQLLADKWPAWDYNWK,2.312,1.697,2.989,1.165,3.399
KKLFKKILKYLGIGAVLKVLTTGLKDEL,0.775,0.64,0.994,0.588,0.879
PFKKGGRFKSLLITNYLCPKISWFVILS,3.652,3.298,3.812,3.575,3.925
LLKLLKWLLKLLK,0.64,0.784,0.73,0.76,0.286
NVSSKTVVLINVFAAAGLLGLISLRFGWFA,3.782,3.85,3.786,3.601,3.891
FLGALFKVASKV,1.659,1.731,1.797,1.262,1.847
NKGCAICSIGAACLVDGPIPDFEIAGATGLFGLWG,2.106,1.972,2.732,2.342,1.379
YNNFNSALRTIQYKTGHGASALCYYIVRDY,3.298,3.114,3.47,3.601,3.008
IFGAILPLALGALKNLIK,1.124,1.141,1.456,1.111,0.787
KFFKRLLKSVRRAVKKFRKKPRLIGLSTLL,0.821,0.945,0.722,0.803,0.813
WIQPATKVIPYVRYL,1.905,1.785,1.907,2.159,1.767
FFGWLIKPAIHAGKAIHGLIHRRRH,0.538,0.698,0.525,0.619,0.309
GKKLFKKILKYLAGPAGIGKFLHSAK,0.446,0.361,0.342,0.634,0.445
VDKPPYLPRPKPPRRIYNNR,1.292,1.554,1.075,1.277,1.262
QRRIRVRLSA,1.679,1.21,2.422,1.082,2.001
DNDRFIMQPLYTLADGQTKKLFWCIATCVSRAKSLSSREDPG,3.376,2.542,3.831,3.438,3.695
LEGRSISRIDELIQQRQEKD,2.553,3.855,2.011,1.034,3.311
QINFTINKYSGQICTRKLRMLALQSKWC,3.679,3.74,3.787,3.564,3.625
SCPANKASKPPAWQLPEVGYFINRIHGRVVLILNVLNISAAS,3.496,3.698,3.343,3.454,3.49
GRFRRLRKKTRKRLKKIGKV,0.73,0.625,0.77,0.893,0.63
LCMVIEAPSTNG,3.325,3.058,3.554,3.204,3.486
GLPVCGETCVGGTCNTPGCACSWPVCTRN,1.071,1.098,1.021,1.271,0.895
KYEDVGRAACRFMIVPIAQHLFMIETSTWK,3.804,3.855,3.97,3.558,3.834
RYRRKKKMKKALQYIKLLKE,0.864,0.968,0.857,0.829,0.8
GKWMSKLKHILK,1.106,0.884,1.282,1.22,1.036
GKVWDWIKSAAKKIWSSEPVSQLKGQVLNAAKNYVAEKIGATPT,0.797,1.17,0.478,1.031,0.507
VFMKCFCISFNILTTRSAHMLKGFKVLTI,3.806,3.961,3.918,3.52,3.824
FDIFYVKNVNGIEYSSNLLIDLLNQLHTY,3.765,3.863,3.871,3.638,3.687
GLLSSLGSVAKHVLPHVVPVIAEHL,1.095,1.01,1.133,1.205,1.03
AKHQGLPQE,3.278,3.406,3.683,3.025,2.996
LSGFLGGGHENLGEMGNAYLRV,3.351,3.323,3.525,3.37,3.184
GIGSILGVIAKGLPTLISWIKNR,1.171,1.097,1.04,1.251,1.296
GCPLNQGACHNHCRSIGRRGGYCAGIIKQTCTCYRK,0.457,0.948,0.15,0.543,0.185
ETDGGGLAKRSKDREVEIVASVADNGEAT,3.805,3.901,3.947,3.417,3.955
ANKCRAYQKKRTGRQPHLNSCIFVRNSS,3.086,3.014,2.274,3.492,3.566
HNLISRVPKQPKSIAKISALFICSLFEDHGHYLKM,3.418,3.431,3.29,3.555,3.396
IQNMARRRALPPWQNAITTKYWVWRRMPATKT,3.208,3.319,3.063,3.6,2.85
INWKKIAEVGGKILSSL,1.313,1.275,1.316,1.226,1.434
MGAVIKVGAKVIGWGAASGAGLYGLEKIFKK,0.641,0.516,0.956,0.537,0.554
RNYYRCSSE,3.674,3.848,3.684,3.328,3.835
IQQATVL,3.391,3.839,3.701,2.495,3.531
CLHALIRQYDQQAPPAQSRGCACPSRRR,3.045,3.885,3.227,3.311,1.755
SILSGNFGVGKKIVCGLSGLC,1.124,1.025,1.267,1.13,1.072
KFGYRYDSLELEGRSISRIDELIQQR,3.051,3.873,3.837,2.504,1.99
WRRRRRRRR,1.292,1.503,1.633,0.955,1.077
FIFHIIKGLFHAGKMIHGLVTRRRHGVEELQDLDQRAFEREKAFA,1.306,1.362,0.772,1.666,1.425
RRGLKNFALIPGSRHCLEKFIIDLHYKETS,3.606,3.355,3.937,3.545,3.586
VRVLFEKMNLVFFRDEDEQNDHYKLP,3.433,3.398,3.801,3.75,2.784
AHERVFGRVVQVSMYALFSHGLRHCHVW,3.857,3.891,3.806,3.704,4.026
SGASTYVDGKQKIHLFENNGTSNPSGCL,3.64,3.893,3.612,3.397,3.657
KTNPTTSGPAVSTLEEKNVGRI,3.858,3.869,4.065,3.43,4.068
SNTPSNNTENC,3.856,3.806,4.229,3.518,3.871
CKYLLKWR,2.279,1.611,3.206,1.794,2.504
VEAAGGQLTGTRSTAVGVEFLSVASGVCV,3.847,3.834,4.201,3.551,3.803
WWKWWKRLRRLFLLV,0.742,0.788,0.699,0.464,1.016
EPCRLTGMRMKYSISWLTTMERCLYHPTRRPTWSLFCKRRSK,3.009,3.863,3.253,3.048,1.873
FFPFLLGALGSLLPKIFGK,1.097,1.165,0.991,1.168,1.062
KYYGNGVHCTKSGCSVNWGEAFSAGVHRLA,1.738,1.526,2.035,1.154,2.236
TTKLSRRRFLKVAAAGAGSIGAAALLRQCCP,1.819,1.651,0.855,3.457,1.311
FLPAIAGVAAKFLPKIFCAISKKC,0.985,0.962,0.923,1.073,0.981
FRGLAKLLKIGLKSFARVLKKVLPKAAKAGKALAKSMADENAIRQQNQ,0.465,0.468,-0.055,0.895,0.552
RQRRVVIWW,1.449,1.937,1.502,1.131,1.224
SYNTLLYHIRQAKNNFYYADSCFITKGNRLKKIYMPLHH,3.649,3.867,3.461,3.572,3.694
SKKLFKKILKYLAGPAKKLFKKILKYLKDEL,0.925,1.253,0.716,0.705,1.028
ELSASQSHCHGKTMDLHIVTYHTPKP,3.18,1.956,3.693,3.514,3.556
FLLQEYADLFMSFLVLIPYFQQIHDSWFEISIHEIFTCH,3.839,3.904,4.129,3.589,3.734
LYFRCETCCILPYTDVSFCTFG,3.365,3.598,3.486,3.504,2.872
RRSMHVQKHTCSSCGYPAAKTRK,2.978,2.957,3.118,3.348,2.489
RPKHPIKHQGLPQEVLNENLLRFFVAPFPEVFGK,1.949,1.221,2.472,0.825,3.278
DSNIQSGSLLRSPSV,3.588,3.302,4.017,3.468,3.566
GLFSVLGAVAKHVLPHVVPVIAEKL,1.074,1.151,0.928,1.107,1.109
GIMDSVKNVAKNIAGQLLDKLKCKITGC,1.37,1.394,1.554,1.199,1.332
KKFGGGKTERARKAMAVE,1.915,1.675,1.904,1.098,2.982
YASIKFYTYSISLQYYNYNIVTKLQNVPLVEKKYIAEIN,3.757,3.902,3.733,3.51,3.884
HVNYCRWCYLYENFDPIPVSLLLSYLEFVRSNEL,3.645,2.729,4.356,3.598,3.897
RKYDRKHIPEVIKLNKMKRLRRKVAVVAGATIYVTE,3.323,3.887,3.2,3.648,2.557
FIETKYAAYMLK,2.789,2.078,3.255,3.273,2.551
THVFRLKKWMQKVIDRFGG,1.295,1.331,1.371,1.135,1.344
PYNIFVSPVTSLSSLKLRIQQSAIEDAEY,3.932,3.894,4.21,3.826,3.799
DKLIGSCVWGAVNYTSDCAAECKRRGYKGGHCGSFANVNCWCET,0.64,0.541,0.49,0.753,0.777
AMAQRAISKVS,3.172,2.194,3.736,3.387,3.37
GGINIINVFLDARRRQTLNRRLASRLSRRN,3.319,3.868,2.987,3.379,3.042
HISSVFRQFLFQCCYEGIIFLKKWCNPWCP,3.789,3.979,3.767,3.434,3.977
KKIGNGAMILSSKKYIGKKVYVLVRKD,2.153,1.732,1.705,2.009,3.166
AKKVSKRLEKLFSKIQNDK,1.156,1.568,1.225,1.11,0.719
ATLHLVLRLRGG,1.604,1.506,1.827,1.227,1.857
FLCGIFARGIAPTGPSPAIAGFATRRGSL,3.258,2.854,3.261,3.42,3.496
VIELQVPRLDEQRHLLLLEQKQS,3.496,3.876,3.051,3.615,3.441
ITPLLRLINRLSLSGSLLPPLCPLFLLL,3.915,3.871,4.275,3.747,3.767
YDNEWGFSCRMADVAAAMGQLLN,3.528,3.902,3.475,3.403,3.332
EQTYQYAWIIP,3.534,3.463,4.022,3.492,3.159
LKKKKFKLLQ,1.299,1.414,1.381,1.238,1.161
FITGLIGGLMKALGK,1.548,1.768,1.565,1.273,1.585
GEKLKKIGKKIKNFFQKL,1.231,1.171,1.121,0.916,1.717
GLVTSLIKGAGKLLGGLFGSVTG,1.259,1.015,1.151,1.253,1.617
PALTHAITLSAYLLPPAVVPSPFSSSTSPFYSYQPPQL,3.275,1.855,4.024,3.495,3.728
PAWRKAFRWAWRMLKKAA,0.596,0.587,0.611,0.919,0.266
KKKLLLLLKKK,1.273,1.182,1.204,0.982,1.724
GILNTIKSIASKLKRKAK,1.077,0.943,1.049,1.18,1.136
SIGAKILGGVKTFFKGALKELASTYLQ,1.68,1.476,1.509,2.371,1.365
TILFKSNLPTVVFYSNNKTDTITNIPDKAMVLNDTGHREL,3.843,3.898,3.783,3.718,3.973
INIKNLVVGLCMLVSGFVVYVIKEKAPF,3.837,3.865,3.88,3.487,4.115
VVADDVPAASLVTGGKAAVRRRW,2.698,1.993,2.837,3.429,2.532
LKKWLKKWLKK,1.261,1.239,1.294,0.949,1.561
RWCVYAYVRVRGVLVRYRRCR,0.646,0.712,0.42,0.712,0.742
VAALSNQIRGLPLTVSDRMGKSARMAVTSKARASSWVGAAAGAPPRK,2.4,1.971,2.677,3.492,1.459
ISGYRNCDFEPTFNSNCGWNIPCNEEL,3.576,3.848,3.151,3.531,3.776
FFHHIFRGIKHVGKTIHRLVTG,0.493,0.504,0.458,0.789,0.22
DGVKLCDVPSGTWSGHCGSSSKCSQQCKDREHFAYGGACHYQFPSVKCFCKRQC,0.646,0.365,1.183,0.634,0.401
FISGLIGGLMKALGK,1.493,1.609,1.576,1.28,1.507
WWRRWWRR,1.275,1.296,1.339,1.019,1.447
SLGNFFRKARKKIGEEFKRIVQRIKDFLQHLIPRTEA,0.731,0.946,1.218,0.58,0.181
VEQDPYEIVIKQLERAAQYMEISE,3.051,3.845,3.297,1.788,3.275
VWYGEPYLLRAGILWTLRWVRK,2.057,2.932,1.393,1.068,2.834
KAGLAFPVGRVHRLLRK,1.089,1.306,1.279,1.001,0.77
AAGRYQLLSRYWDAYR,1.832,1.686,2.747,1.03,1.866
GINTLKKVIQGLHEVIKLVSNHA,1.51,1.573,1.287,1.194,1.986
KIIGLIGGIGSGKTTVAQLFVDEGFPLVD,2.839,2.377,3.093,3.479,2.407
LGSNECQLHEAKKRILGGAQGNLRSS,3.723,3.873,3.952,3.449,3.617
GIINTLQKYYSRVRGGR,1.607,1.494,1.567,0.954,2.414
ATQTIEDSSRSGPRRTTVGDLLKPLNSEYGKVAPG,3.563,3.917,3.447,3.126,3.764
DCYCRIPACIAGERRYGTCIYQGRLWAFCC,0.489,0.216,0.734,0.622,0.384
RWRWNRRTGRWRWY,1.272,1.251,0.96,0.98,1.899
APICSCVAFRKCSNKNTEPGSVIVFVTF,2.969,1.81,3.061,3.446,3.558
GVGDLIRKAVSVIKNIV,1.573,1.517,1.65,1.354,1.773
KWLLKWL,1.536,1.433,1.389,1.647,1.676
LSMQPKTVLQQKTALSPWTRHSVLQVKL,3.751,3.602,4.052,3.581,3.767
TDLESDSFFSRSSSLAIDCSNICKTFLC,3.865,3.878,3.876,3.576,4.132
FEVLPNFKHIQVKVFNHGEHIHHH,1.487,1.281,2.137,1.239,1.292
VLSAADKGNVKAAWGKVGGHAAEYGAEALERM,1.546,1.445,1.677,0.907,2.154
GLMSLFKGVLKTAGKHIFKNVGGSLLDQAKCKITGEC,0.887,1.024,0.932,0.975,0.617
GILSNVLGMGKKIVCGLSGLC,0.937,0.735,1.022,1.142,0.849
ILKPDKSKIVT,3.614,3.892,3.646,3.304,3.614
AERCLKYLSAYNHKVMKGLTYGLKDEGAFCKTPGWVCGKS,2.159,3.902,2.169,1.847,0.717
KGRRPRPLDEGGLPNLSGKYPQRLFRWELA,3.543,3.846,3.528,3.455,3.343
CIQSNLQAQSRCDLCINRVRQVYLRRRG,3.811,3.897,3.717,3.611,4.021
LQEHAIRHLWIYPYPLKMNDTCERLNQTLRVQCINTAL,3.578,3.839,4.022,2.424,4.027
WITMCSSKLSRGMHLWKNMETNVRQLRN,3.597,3.907,3.828,3.564,3.088
VYTFLLIGTLGIIFFAIFFREPPKVPRKK,3.764,4.013,3.788,3.524,3.73
GIMDTIKNAAKDVVQSLLNKASCKLAKTC,1.134,0.892,1.419,1.218,1.006
MVFAYAPTCARCKSIGARYCGYGYLNRKGVSCDGQTTINSCEDCKRKFGRCSDGFITECFF,0.346,0.307,-0.783,1.003,0.859
LKWLLKWLK,1.085,1.145,1.092,1.171,0.93
GLVTGLLKTAGKLLGDLFGSLTG,1.318,1.102,1.217,1.265,1.687
RCSPYFLLKVIHVHLVHAQSVQYLINLLDT,3.588,3.487,3.876,3.56,3.43
WHVHVTPP,3.261,3.28,3.21,3.147,3.408
VARIRKDR,2.983,2.519,3.708,2.844,2.861
NLNLIHKKITHIDTQSITISKTNSSL,3.739,3.43,3.789,3.631,4.106
RLKLLLLRLK,0.981,0.995,1.082,0.969,0.879
TSKYR,1.957,1.165,2.906,2.09,1.665
QILMDMIWNLNRHSFSLMDPLVLACGLFL,3.947,3.893,4.206,3.819,3.87
FFFHIIKGLFHAGRMIHGLV,0.929,0.619,1.008,1.151,0.936
FLGGLIKRPPAMICAVRKKC,1.34,1.672,1.258,1.231,1.197
IIPLPLGYFAKKKKKKDPVPLDQ,1.667,1.702,1.19,0.902,2.873
TGHKYEKKLKDKNNQLNRMNFFSHIEITY,3.617,3.24,4.038,3.532,3.658
KKLFKKILKYLKFLHSAK,0.58,0.57,0.791,0.959,-0.002
QGQTFSNMHQ,3.372,3.615,3.405,3.138,3.329
HIQKEDVPSERYLGYLEQLLRLKK,1.83,1.147,3.092,1.288,1.793
PARLEAEEACERLRRRGLRWRSGSAYTGQA,3.594,3.091,3.758,3.559,3.97
RQGGGGYEPQQAGLVAHGRGGGAVASHRSPMCQACLQGE,3.389,3.803,2.708,3.312,3.732
LGSLDCAVWE,3.545,3.886,3.626,3.262,3.404
GTRNRSIT,3.909,3.85,4.209,3.643,3.932
LRSYLSLSLSLSLSLSLSAQLSSACVCY,3.807,3.862,3.74,3.838,3.786
GLFAVIHHVASVIGGL,1.727,1.874,1.608,1.35,2.075
RIKRFWPVVIRT,1.448,1.79,1.094,1.717,1.191
LVCLLLHPIIGCKSLGWQCTVKPPGH,2.441,2.34,1.712,3.429,2.281
CVHWMTNTARTACIAP,2.203,1.675,2.781,2.121,2.235
LRRIIRKIIHIIKK,0.797,1.257,0.824,0.649,0.459
GLFGKSSVWGRKYYVDLAGCAKA,0.851,1.025,0.856,0.618,0.905
RRFFFRFRRF,1.034,1.032,1.045,1.101,0.958
RTPPSRGFCVSMHTH,3.222,3.148,2.724,3.482,3.533
TQSIWSKLFTALRGGATEVGEAIVDQQALR,3.837,3.886,4.211,3.516,3.734
RICSRDKNCVSRPGVGSIIGRPGGGSLIGRPGGGSVIGRPGGGSPPGGGSFNDEFIRDHSDGNRFA,1.366,1.006,0.395,0.408,3.655
SRSARLRLKSSRMTTRMTATCSASAGMV,3.879,3.96,3.826,3.629,4.103
KCNTATCVTQRLADFLVRSSNTIGTVYAPTNVGAAAY,3.12,2.929,2.862,3.416,3.271
RFRPPIRRPPIRPPFYPPFRPPIRPPIFPPIRPPFRPPLGPFP,0.085,0.466,-0.855,0.605,0.123
SVKKFWGGVKAIFKGARKGLK,0.889,1.037,0.911,0.758,0.85
LASHPIKLLARCWVKQRRIELI,2.626,3.461,2.653,1.473,2.918
SSVLPVTLGGIHVWHMTALTEIFVDN,3.552,3.88,3.447,3.424,3.457
HERNAHNFPLELAAIEAPVTNA,3.713,3.853,3.968,3.511,3.521
VRFELLSGHHSEEDFPFPHALLPSQTQ,3.71,3.914,3.673,3.64,3.614
WKKIASIGKEVLKAL,1.323,1.406,1.402,1.016,1.469
GWGRFFKKWWRVGKRVGK,1.007,1.237,0.962,0.91,0.919
AYERQFYPGATSVAENNIGH,2.146,2.413,2.172,1.424,2.577
DSQASFVCDSCGEEIVIRIDPAEGGEQEYVEGCPVC,3.397,3.231,3.419,2.933,4.007
SQPTTKAYTY,2.799,3.513,3.409,1.907,2.367
INLKAITALAKKLL,1.224,1.395,1.24,1.367,0.893
NEYHGFVDKANNENKRKKQQGRDDFVVKPNNFANRRRKDDYNENYYDDVDAADVV,3.007,3.263,3.375,2.462,2.928
TDTTGRIPLWLIGTVTGIPVIGLIGIFFYGSYSGLGSSL,3.776,3.853,3.879,3.32,4.051
LKVVFKVLFK,1.255,1.061,1.492,1.085,1.383
QVVPTHAKTQEPLIPSLRQLNISSEPSESCQVIRTHL,3.718,3.882,3.541,3.63,3.818
DGRIGGSSLTG,3.665,3.762,4.124,3.615,3.157
SMLGVLKNLGKVGLGFVACKINKQC,1.4,1.389,1.285,1.245,1.681
QPRPPHPRL,2.246,2.329,2.734,1.57,2.35
KPAVDEMFPEGAGPYVDLDEAGGSTGLLMDLAANEKAVHADFFNDFEDLFDDDDVQ,3.869,3.904,3.956,3.829,3.785
EVGGGGGSQQCPQERPKLSSCKDYVMERCFTMKDFPVTWPTKWWKGGCEHEVREKCCKQLSQIAPQCRCDSIRRVIQGRLGGFLGIWRGEVFKQLQRAQSLPSKCNMGADCKFPSGYYW,0.676,1.195,0.815,0.305,0.39
GADRCRERCERRHRGDWQGKQRCLMECRRREQEED,1.835,1.55,2.241,1.424,2.127
HLSTDQDMFLLGPNRKKIAWHAESSKRKK,3.822,3.887,3.692,3.55,4.161
VNTTGRIPLWLIGTITGIIVIGLVGVFFYGSYSGLGSSL,3.77,3.874,3.919,3.364,3.923
ESIEQRVKKIVAEQLGVAEAEIKA,2.78,3.716,3.045,2.924,1.436
PPQDGAPDKDTNLGSMQNMVYKREAS,3.633,3.9,3.473,3.483,3.676
GIIKKIIKKIIKKIIKKI,0.927,0.853,0.981,1.14,0.732
AGKWYAFHLCCTVNH,2.6,2.34,2.474,2.537,3.05
SVSAPGPCTSTSACIKQDPGLF,3.494,3.87,3.586,2.746,3.776
RSHIFVC,3.595,3.884,3.925,3.145,3.424
GRGKQGGKVRAKAKTRSS,1.595,1.303,1.922,1.192,1.963
DGSCSDAKLLEQIRTVSRLKKRRTSPAGD,3.777,3.771,3.964,3.527,3.846
DVFFRDFFSDPVLFLSFGFLGVVISLCLFFVYFFMKKVHDADIKEQH,3.767,3.903,3.866,3.476,3.823
MLRTSNLFKTLLFVTWCKSFFSSLDHLC,3.828,3.884,3.825,3.705,3.898
GFLDTFKNLALNAAKSAGVSVLNSLSCKLFKTC,0.779,0.588,0.376,1.151,1.0
YCSYTMEA,3.33,3.416,3.394,3.111,3.397
WHWTWLPKKKRKV,1.173,1.299,0.997,0.984,1.412
MQFITDLIKKAVDFFKGLFDNK,1.591,1.319,2.54,1.256,1.249
GVDSSFLRL,3.015,2.138,3.573,3.357,2.99
EIRLPEPFRFPSPTVPKPIDIDPILPHPWSPRQTYPIIARRS,2.275,3.654,2.695,2.498,0.254
YSRCQLQGFNCVVRSYGLPTIPCCRGLTCRSYFPGSTYGRCQRF,0.156,-0.234,0.254,0.408,0.198
EAAGLLPFPRV,3.531,3.731,3.797,3.229,3.366
RRMPSPNMTADARTARKMAAPALWPSSM,3.894,3.889,4.286,3.765,3.634
GLMSVLKGVLKTAGKHIFKNVGGSLLDQAKCKITGQC,0.859,1.115,0.642,0.994,0.683
LAAVEAISIDG,3.769,3.88,4.176,3.555,3.463
GFGCPRDQYKCNSHCQSIGCRAGYCDAVTLWLRCTCTDCNGKK,0.293,0.446,0.027,0.47,0.229
AKKVFKRLEKLFSKIQNWK,0.627,0.639,0.844,0.877,0.147
GIFLKVLGVGKKVLCGVSGLC,1.001,1.068,0.982,1.134,0.82
EIFPTIFCCITNERDHCIELNAVESRNKKN,3.416,2.644,3.819,3.389,3.813
TPKRTRFRKQHRGRMKGIAYRGNHICFGK,3.152,3.761,2.781,3.415,2.65
SDLINSASFFSFPFFLFSALSFSGSGYLAILIIKRFSV,3.746,3.893,3.663,3.606,3.823
RVVRQWPIGRVVRRVVRRVVR,0.416,0.094,0.68,0.433,0.457
GIFSLFKAGAKFFGKNLLKEAGKAGAEHLACKAANQC,0.731,0.652,0.616,0.955,0.699
FKLIQFLSHI,2.42,1.744,2.356,3.098,2.481
GLFDIVKKVVGAFGSL,1.472,1.425,1.653,1.389,1.421
GIMRVFKGVLKTAGKSVAKNVAGSFLDRLKCKISGGC,0.813,1.011,0.675,0.75,0.815
GFGSFLGKALKAALKIGANVLGGAPQQ,1.289,1.363,1.333,1.14,1.32
RRRCPIVVIRVCRR,1.002,1.255,0.919,0.589,1.247
KSRPRPGEDQASRLIQTSRPYFVYQVPPS,3.717,3.872,3.736,3.512,3.746
GRLRNLIEKAGQNIRGKIQGIGRRIKDILKNLQPRPQV,1.297,1.528,1.264,1.314,1.082
APKAMHSAKKFGKAFVGEIMLQKKGI,1.054,1.374,0.859,1.479,0.504
LSGFSGLIGNVNLSWYLQLCVPSYHL,3.485,3.139,3.634,3.508,3.66
PRGKMVILPKM,3.233,3.903,3.556,3.25,2.222
IYKHITKEYRSLLNFYTKCNKASFFIFLEVPRNPVL,3.805,3.932,3.744,3.535,4.008
KMMVHNLLKTKSSRKNMHFNKLIFQVTRYTDL,3.745,3.928,4.043,3.47,3.54
AKKFFKKPRVIGVSIPF,1.172,1.319,1.169,1.333,0.868
GLFSKFAGKGIKNMIIKGIKGIGKEVGMDVIRTGIDVAGCKIKGEC,0.355,0.099,0.201,0.427,0.693
GLLDTFKNLAINAAESAGVSVLNSLSCKLSKTC,0.802,1.002,0.583,0.948,0.675
NFPLDLASMEFNSIDG,3.636,3.755,3.671,3.536,3.583
YGLVVALAPLFANPFV,3.171,3.689,2.753,3.405,2.837
QWELNAYWATIDIPKQIVLNYTTLPSFK,3.819,3.899,4.057,3.643,3.675
VLSAADKNNVKGIFTKIAGHAEEYGAETLERMFTTYPPTKTY,2.656,2.98,2.525,2.151,2.97
AWKKTIRQYLKNEIKKKWRKAVIAW,0.658,0.803,0.529,0.764,0.536
FIHHIIGGLFSVGKHIHGLIHGH,0.797,0.928,0.441,0.886,0.934
CGESCVFIPCISTLLGCSCKNKVCYRNGVIP,1.836,1.694,1.684,2.309,1.657
HLPIQFISINYQHMH,3.106,2.918,3.565,3.035,2.906
SATLSFLMSPPCPLVWRHWAVS,3.812,3.899,3.792,3.608,3.95
VLIFFGKGV,2.224,2.585,2.101,1.67,2.54
LKKKLFKKLQ,1.276,1.358,1.453,1.188,1.105
LYVTRSGTVYLLSSLIISGTRSSSPRAM,3.904,3.906,4.094,3.789,3.828
GFMGDTLKGIARNAALALMNAAQCKLSGKC,1.425,1.598,1.577,1.095,1.43
KLSPSLGPVSKGKLLAGQR,1.556,2.022,1.417,1.039,1.747
FQWQRNMRKVRGPPVS,2.285,1.687,2.911,2.359,2.182
KWKSFIKKRTSKFLHSAKKF,0.936,0.946,0.768,0.978,1.053
INWLVIGQLISLGIIVLVGPAVIILLSLNKSNL,3.552,3.873,3.382,3.459,3.493
IKGLPPGDIINQKGTSSPSVVRSSYRSE,3.767,3.948,3.884,3.479,3.756
LYFFIALMLYMLHHSFGFAFLTVYVIFF,3.926,3.897,4.166,3.582,4.06
KRKILILIGSG,1.905,1.715,2.033,1.763,2.11
GWKKFFKKAKKVWK,1.305,1.513,1.231,1.064,1.411
RLGDILQKAREKIEGGLKKLVQKIKDFFGKFAPRTES,0.797,0.866,1.385,0.522,0.414
GLLLDTVKGAAKNVAGILLNKLKCKMTGDC,1.577,1.695,2.072,1.169,1.372
STAHLVLRLRGG,2.006,1.743,2.728,1.426,2.127
GIMDTIKGAAKDLAGQLLDKLKCKITKC,1.215,1.316,1.567,1.14,0.838
IDSEKALPIAWGPDNPVGESVDSWLGPIVLNQAHGKDFSP,3.576,3.83,3.421,3.38,3.673
RLCRIVWVIRVCR,0.733,0.895,0.755,0.785,0.496
LPVLFSSAIAKVGIKLGAKV,1.524,1.84,1.633,1.167,1.456
KWRQWQSKWRRTNPWFWIRR,0.712,0.893,0.722,0.623,0.608
IIIDEPETSLEQNAPISNLISLCNTQQLTSIIATPILLS,3.789,3.875,3.779,3.58,3.921
FWGKLWEGVKNAI,1.137,1.042,1.336,1.171,1.0
ATCDLLSGTGINHSACAAHCLLRGNRGGYCNGKAVCVCRN,0.292,0.529,0.102,0.498,0.038
HNCDYCSYCTSSLLHAIFPLSP,3.888,3.844,3.893,3.554,4.261
FLGLLFHGVHHVGKWIHGLIHGHH,0.832,1.175,0.665,0.714,0.774
MGAIIKGAAKVLGKGAATGGVIYGLEKLFR,0.963,1.339,1.311,0.622,0.579
FLPAVLRVAAKIVPTVFCAISKKC,0.851,0.949,0.606,1.084,0.763
KKVALILCLVAILGASNTIENENLADMPEIFATTKIDG,3.724,3.863,3.633,3.502,3.897
LEMRGYYIALKSFSLAQSISTGNSKSFFL,3.868,3.868,4.095,3.652,3.858
KRIGLIRLIGKILRGLRRLG,0.584,0.668,0.956,0.838,-0.128
GLFSKLNKKKIKSGLIKIIKTAGKEAGLEALRTGIDVIGCKIKGEC,0.72,1.054,0.271,0.674,0.883
FLPLLAGLAANFLPKIFCKITRKC,0.934,0.949,0.778,1.094,0.916
RRGLFKKLRRKIKKGFKKIFKRLPPVGVGVSIPLAGRR,0.371,0.848,0.097,0.614,-0.075
ISTSGHHECNNISLLTHLYSPI,3.861,3.888,4.028,3.5,4.028
ANDTLFMDAANLLVPLGPWHVVPFARP,3.652,3.879,3.454,3.654,3.622
TPAPAVIG,3.546,3.968,3.464,3.308,3.443
DLIWKLLSKAQEKFGKNKSRSFQLFGSPPGQR,2.926,3.238,1.485,3.525,3.455
LAAVEAPSKNG,3.868,3.855,4.16,3.601,3.855
DIISLGWGSFMAVFTFSIALVVWGRNGF,3.864,3.893,4.097,3.592,3.873
GIFSLIKTAAKFVGKNLLKQAGKAGVEHLACKANNQC,0.86,0.851,0.808,0.921,0.861
PM,2.512,2.035,2.195,2.611,3.206
KAMKPWIQPKTKVIP,1.904,1.839,2.218,1.5,2.058
GKWMTLLKHILK,1.144,0.909,1.281,1.316,1.07
FIGGLRRLFATVVGTVVGAINKLGGG,1.302,1.009,1.336,2.238,0.624
RWCVYAYVRVRGSLVRYRRCW,0.764,0.932,0.491,0.74,0.893
GWLDVAKKIGKAAFNVAKNFL,1.013,1.276,1.213,0.874,0.69
KKFFLKVLTKIRCKVAGGCRT,1.382,1.256,1.18,2.221,0.87
QAFMDLFSSFKILYPQSTETSSSDVTLPPY,3.792,3.868,3.812,3.684,3.802
RIKRFWPVVIRTVV,1.241,1.55,0.903,1.361,1.148
ATAWDFGPHGLLPIRPIRIRPLCGKDKS,0.97,0.331,2.566,0.859,0.123
MALLNSQHQILDSLGAIGPLTSLSSRPSGKAGSGPRAAARRYKLASCI,2.802,1.477,2.811,3.371,3.551
ATQIIDDTPKTKGKRRGLGDILKPLNSEK,3.644,3.891,3.903,3.443,3.339
KYYGNGVHCTKSGCSVNWGEAFSAGVHRLANGGNGFW,0.669,0.684,1.308,0.724,-0.04
SDTVDIYDAGKILERVII,2.793,2.925,2.329,2.565,3.353
GILDTLKQFAKGVGKDLVKGAAQGVLSTVSCKLALTC,1.13,1.236,1.454,0.87,0.96
GVSEHSEVTKMQPVENEQEEKMHVIEYS,3.311,3.902,3.964,3.523,1.854
GVFVTWVYVLTYLAVFGYLAYLFWRYGRAR,3.516,3.427,3.881,3.517,3.238
RRWQWRMKKL,1.442,1.914,1.501,1.028,1.325
LKKLLKWLLKLLK,0.641,0.666,0.738,0.796,0.362
GLLDGILNANFNAAKSAGTSVLNALSCKLSKTC,0.844,1.23,0.586,1.168,0.391
GLPVCGETCFGGTCNTPGCTCDPWPVCTRN,1.193,1.122,0.936,1.945,0.77
HITIMSSKQSYSRKSSRFQNFRNDAVNKLL,3.909,3.911,4.147,3.719,3.858
FLPILAGLAAKLVPKVFCSITKKC,1.022,1.26,0.833,1.04,0.956
KWKSFIKKLPSAAKKVTTAAKPLTK,0.46,0.666,-0.055,0.517,0.712
GAKALTKAATAFTKFYKTIW,1.239,1.35,1.229,1.127,1.249
FLSSIGKILGNLL,1.359,1.264,1.358,1.377,1.436
KFKWWRMLI,1.362,1.457,1.519,1.086,1.386
IKTLKEHTKIVRSVTFSPNGKYLAVGDICGTVEIWRVL,3.736,3.879,3.8,3.406,3.857
LFVRFSNTRPCILLIDTGILLLNELPSK,3.898,3.961,3.993,3.595,4.043
WIQPKTKVIPAVRAL,1.765,1.641,1.658,1.549,2.212
KWKSFIKKLTSKFLHSAKKF,0.805,0.913,0.804,1.085,0.419
EQLIQKQKKEYRVGAVDLVAPNVQNPDSEL,3.932,3.838,4.194,3.62,4.078
LLKWLKK,1.549,1.269,1.595,1.85,1.48
NIKSEMNVKNNNNSIIYGGMEAIFELIN,3.951,3.876,4.172,3.68,4.078
ACQCPDAISGWTHTDYQCHGLENKMYRHVYAICMNGTQVYCRTEWGSSC,1.077,1.778,1.349,0.333,0.849
GSRGQCCEPY,2.688,2.214,3.452,3.269,1.817
FFLLPIPNDVKCKVLGICKS,1.297,1.397,1.385,1.348,1.059
AALKGCWTKSIPPKPCFGKR,1.111,0.834,1.478,1.257,0.873
GSKIFCTSRVSGCDHCFSSTISGGFPAF,3.384,3.551,2.912,3.453,3.622
LTLKLFVYTVV,3.437,3.893,3.811,2.975,3.069
PAMALCQLHRGWLTNSYRGQARSYGSRW,3.877,3.871,4.158,3.639,3.841
VLSAADKGNVKAAWGKVGGHAAEYGAEALERMF,1.466,1.43,1.593,0.855,1.985
IFLILAPQTKCMKIQLHCCHLAPLIS,3.467,3.916,3.107,3.488,3.355
LKKLLFKKKQ,1.337,1.288,1.404,1.206,1.451
FLWGLIPGAISAVTSLIKK,1.048,1.367,0.979,1.203,0.643
INWKKIASIGKEV,1.615,1.875,1.507,1.395,1.684
WPKRLTKAHWFEIQHIQPSPLQSNRAMSGINNYTQHSKHQNTFLH,1.112,0.809,2.024,0.802,0.813
KVRPSVKKMCVNCRIIKRHGKIMIICINPKHKQRQG,3.582,3.787,3.427,3.549,3.564
GLLDTIKNMALNAAKSAGVSVLNSLSCKLSKTC,0.721,0.787,0.312,1.102,0.682
WKKIPKFLHLAKKF,0.905,0.957,1.064,0.73,0.868
KTLTGKTITLE,3.583,3.883,4.084,3.386,2.978
KKMSVVVAAAALMLTASPAFALGSLMLMAG,3.675,3.913,3.419,3.551,3.816
EGDVIATGINGFGRIG,2.885,2.334,3.146,3.592,2.467
SIRRLPSPKVKFRAPSIPNLQT,2.928,1.979,2.71,3.345,3.678
GLAGRRWRLHKWPAAPRKGTTRGLGAIR,2.178,1.787,2.036,3.34,1.55
DREEPYKKTYSLADMARMLGRPRTTLQAWR,3.719,3.884,3.936,3.628,3.429
KKLFKKGLKFL,1.348,1.626,1.213,1.012,1.54
KVKHNIYDVFIVFYFWLVSKNLSAKENEI,3.878,3.9,3.856,3.709,4.049
QIGFSRYDF,2.973,2.431,3.702,2.995,2.764
STAVENFQVPQFSAIFIYVDILFPSRLIIN,3.94,3.87,4.067,3.695,4.129
LFGSVKAWFKGAKKGFQDYRYQKDMAKMNKRYGPNWQQRGGQEPPADAQANDQPP,1.21,1.898,1.069,0.387,1.486
TDQASAAEDGTLNTWRSWPSSRPAAGTSEAGNGGEE,3.656,3.084,3.78,3.634,4.127
KKLFKKILKYLGIGKFLHSAKKDEL,0.423,0.74,0.489,0.471,-0.01
IYDSQVYIALVIAVVASVLAIRLGATLYN,3.908,3.877,4.011,3.833,3.91
QVARREGFCAGIEAAEKIYAGTGGNKLLILYLVFAATITTRYREDISG,3.875,3.864,4.215,3.483,3.939
SPLFSPPK,3.73,3.883,3.782,3.382,3.873
GILSGLLGVGKMLVCGLSGLC,0.996,0.891,0.955,1.139,1.0
GRKKRRQRRRPPQ,1.616,1.544,2.236,0.915,1.771
DIISLGWAALMTMFTFSLALVVWARNGF,3.866,3.894,3.992,3.678,3.9
VTNQVFRYA,3.078,3.046,3.444,3.238,2.582
FLPIPRPILLGLL,1.309,1.637,1.124,1.318,1.156
SKRILKELKDLQKDPPTSCSAGPVAEDMFHWQATIMGPPDSPYA,3.733,3.768,4.033,3.487,3.645
FFGRLKSMWRGARGGLKAYKYQKDMAKMNKRYGPNWQQGGGQEPPADAQANDQPP,0.583,0.501,0.837,0.708,0.287
KVFLGLK,2.176,1.985,2.246,2.121,2.354
QVNLRCSE,3.821,3.795,4.126,3.264,4.101
RAINNGNPPVLRLSA,3.548,3.729,3.555,3.537,3.371
SKSIPGRSG,3.426,3.749,3.725,2.838,3.391
GRCRGFRRRC,1.284,0.916,1.709,0.967,1.543
AKSDVIEVDGKIIEALPNATFRVELENGHIILCHIAGKMRMHYIKILPGDKVKLELTPYSLDKGRITYRYK,3.21,3.79,3.83,3.846,1.374
RSAQCWCSGTVEWQTGNGGVRC,2.819,2.116,2.289,2.966,3.904
FALASVVVQYCDCLGDFSFKQCLLPILPATVSSCNLIGE,3.758,3.361,4.268,3.581,3.823
RWCVYAYVRVRGVLRRYRRCW,0.555,0.642,0.411,0.554,0.612
RISFHSGVSNLFDPLPSPLRMCRYSSL,3.854,3.885,4.115,3.561,3.855
KPKGMTSSQWFKIQHMQPSPQASNSAMKNINKHTKRSKDLNTFLH,0.842,0.702,2.092,0.713,-0.139
VQWRIRVCVIRA,1.529,1.247,1.854,1.598,1.416
LIAVERIEDSKSYLSEIAVEQS,3.901,3.872,4.195,3.596,3.941
GLRKRLRKFRNKIKEKLKKIG,0.619,0.731,0.682,0.917,0.146
LSPLLANILLDDLDTELQTRGHRFVR,3.75,3.874,3.596,3.71,3.821
KFTDLKIETQASHQRFFYQGRLFRQHDEFTCLTHFPSP,3.802,3.864,3.757,3.59,3.998
GTKRGKLCRISRLAL,2.158,1.614,2.166,2.369,2.483
INMKASAAVAKKLL,1.494,1.228,1.643,1.573,1.531
AKKVFKRLEKLFSKIQNDK,0.838,1.233,0.943,0.996,0.178
VAAVFQIACFALYNL,3.468,3.875,3.527,3.403,3.068
AKRRLLKKMK,1.633,1.687,1.335,1.509,2.002
GFWGSLWEGVKSVV,1.604,1.526,1.961,1.376,1.552
RWRRKWWWW,0.819,0.67,0.958,1.033,0.613
GLIGSIGKALGGLLVDVLKPKLQAAS,1.204,1.3,1.515,0.816,1.186
MNTDDTEHKLIYRTHTRGERYTIHTKT,3.756,3.882,3.588,3.522,4.032
ESNKPAIVRIIKQNKPNEKVPIWLMRQA,3.784,3.875,3.766,3.565,3.931
ILGTILGLLKSL,1.218,1.356,1.175,1.269,1.073
FKIKASKVLDKFGKIVGKVLKQLKKVSAVAKV,0.607,0.252,0.908,0.738,0.528
QNTWRSCTQILLEHLTSVVVAPRFFVSGL,3.87,3.879,4.058,3.627,3.917
KKLFKKILKYLAGPAKKLFKKILKYLAGPAKDWEHLKDWEHLKDWEHLKDEL,0.461,1.024,0.28,0.518,0.02
MITISTMLQFGLFLIALIGLVIKLIELSNKK,3.743,3.858,3.332,3.692,4.089
RQIQRMTMESKHRRRGLGTSCC,3.533,3.852,3.406,2.902,3.971
QKLCERPSGTWSGVCGNNGACRNQCIRLERARHGSCNYVFPAHKCICYFPC,0.386,0.369,0.085,0.671,0.42
REIPSIHEVSQMTKLGIMILSLIFGGTAGIAIFIAVNMLWNSSPIR,3.611,3.631,3.407,3.537,3.869
RRARIVVIRVAR,0.991,1.119,1.085,0.919,0.84
ILKSFILG,2.999,2.706,2.733,3.275,3.282
NLLNDALGTVNGLLGS,2.57,1.804,3.073,2.875,2.528
RLRRIVVIRVAR,0.757,0.622,0.823,1.015,0.567
SAIRCGLTASAPDVASRMVYPSGAALAT,3.968,3.882,4.515,3.56,3.916
ILILIKRK,1.751,1.82,1.562,1.501,2.12
LTITLALFIGLNKIRLI,1.686,1.619,1.306,2.331,1.489
GCKFTVKPYLKRFQVYYKGRMWCG,1.118,1.239,0.588,0.801,1.844
DSHEERRQGRHGHHEYGRKFHEKH,1.165,1.729,0.524,0.858,1.549
PQISRQEYGGLFGPT,3.714,3.82,4.013,3.555,3.469
EKCPSQCSSFLGKLLLALQITL,3.345,3.136,3.456,3.535,3.254
VLNENLAR,3.114,3.079,3.652,2.529,3.198
SKIMDSAIEEILAIKKEAKTKGAQNATRPQ,3.549,3.938,2.973,3.559,3.724
RGTKKQNLPEKTCPVCGRPFRWRKKWKED,3.125,3.308,2.974,2.923,3.295
SRIEDRNYHELIDNT,3.516,3.916,3.966,3.575,2.605
QCEPKFYLTLFLRFTKTKWLSVPPETSSYPFAVKLCANLAQLLITCS,3.479,3.866,2.93,3.458,3.661
LDIADLIKGAIGDSHKEARWLT,3.225,3.413,2.545,3.483,3.459
WFKKIPKFLHLLKKF,0.784,0.57,0.805,1.02,0.741
GWKKWFTKGERLSQRHFA,0.932,1.273,0.89,0.848,0.716
KSCCRSTTARTARVPCAKKSNIYNGCRVPGGCKIQEAKKCEPPYD,0.285,0.859,0.11,0.389,-0.22
EEQPGCS,3.786,3.886,3.857,3.673,3.728
LLGMIPLAISAISSLSKL,1.375,1.556,1.605,0.946,1.395
PGKYGFYTHVFRLKKWIQKVI,1.192,1.155,1.005,1.025,1.584
GSKKPVPIIYCNRRTGKCQR,0.481,0.506,0.378,0.703,0.337
CPFVITAVGPKKKKKVVHCLVTEQSKLM,2.754,1.92,2.695,3.1,3.301
RCICTTRTCRFPYRRLGTCLFQNRVYTFCC,0.243,0.754,0.549,0.545,-0.876
FIGKLISAASGLLSHL,1.566,1.462,1.57,1.541,1.69
KLATKNLRISLNATKRLQRRKSA,2.52,1.566,2.525,3.348,2.641
VATRYDKLARNYLSGALIAATCAYWIN,3.198,3.232,3.577,3.631,2.352
NLKAIAALAKKLL,1.069,1.048,1.26,1.312,0.655
FLGALFKALSKLL,1.091,0.995,1.302,1.26,0.807
GIACGESCVFLGCFIPGCSCKSKVCYFN,1.769,1.61,1.41,2.338,1.719
RGARIVVIRVAR,1.06,1.148,1.342,0.954,0.797
GYAKSDILASSVGRRLQGAMATDYKTVLLGKDHTWD,3.64,3.879,3.596,3.522,3.564
GIGSLLAKAAKLGANLL,1.487,1.394,1.611,1.191,1.754
AELPIAPVDRLIRKAGAERVSEDAAKVLAEYLEEYAIELSKKAVDFARHAGRKTVKAEDIKLAIKA,4.023,3.866,4.383,3.769,4.072
SKCKCSRKGPKIRYSDVKKLEMKPKYPHCEEKMVIITTKSVSRYRGQEHCLHPKLQSTKRFIKWYNAWNEKRRVYEE,1.155,1.377,1.84,0.48,0.923
MSNFEPEICTALSREHDMWHSLCRFR,3.535,3.83,3.343,3.53,3.438
SMSRGFFLLGVTVMLPVRVSPWHIVITSSRYKTVCFQ,3.785,3.903,3.939,3.531,3.766
QFVLVLGVLSLQNCKNIEVQCYSLNGSPYL,3.863,3.884,3.854,3.681,4.032
NNIAFNKLDFLGLASGSLLLTAFIYAATLV,3.905,3.873,4.07,3.544,4.134
INTWNTTATSTSIIISETFGNKGKVCTYTVECVNNCRG,2.283,3.094,2.644,2.603,0.79
NQKVDLSGQFLIIDSFPVPVCQPVRNIA,3.872,3.875,4.181,3.639,3.793
QVFKCSFSEALVTSFSIPIKRFRPARQNPGAVYLV,3.43,3.224,3.568,3.554,3.375
VNYICKSTDKGKDYVVQDGDVMHFRFNV,3.853,3.842,4.04,3.598,3.933
SRVFSGMEALLGMLGSVVLQIK,3.433,3.213,3.285,3.4,3.835
GWLPTFGKILRKAMQLGPKLIQPI,0.596,1.091,0.448,0.776,0.067
AKNTNTYALAA,3.59,3.836,4.038,3.173,3.314
FIITGLVRGLTKLF,1.483,1.701,1.47,1.703,1.058
SILISYLLFVGLFTSLALGLYFSLQFVKLI,3.852,3.888,3.879,3.777,3.862
WTTITCAPTSISRSCTAARGSRWARTAP,3.891,3.881,4.188,3.682,3.812
GSTWFWTRRKFPFFNLYSLTACRAPARFQG,3.579,3.51,3.44,3.477,3.89
RILTMTKRVKMPQLYKQIVCRLFKTC,2.208,1.951,3.116,2.721,1.042
PIPRPLPFPRPGPRPIPRPLPFPRPGPRPIPRP,0.614,1.029,0.432,0.547,0.446
LHAVQKQNVEALCAWAQNLTLPSSNTTWFNFLASHIWMR,3.926,3.871,4.791,3.587,3.454
GSKKPVPIIYCNRRKCQRM,0.677,0.794,0.591,0.69,0.633
DASAPSRDSEAPGSDKALITKCYVPI,3.813,3.89,3.787,3.525,4.049
NLLITSVVLLTATKEKTIMRTFRLRTKNPI,3.777,3.932,3.834,3.808,3.534
QTVTQVKKNSNINEVYRCTFSLMSSSSQ,3.916,3.887,3.998,3.711,4.07
GQFWWSSNKVNDSEVIFCILTCGGVKSL,3.528,3.213,3.769,3.463,3.667
ALGGSALAVYWRNRGLPANDKDDFKE,3.33,3.518,3.427,3.499,2.875
SIISFAVMSIVVFAVASYAAVKADKTANAR,3.483,3.6,3.069,3.649,3.614
GLLDAIKDTAQNLFANVLDKIKCKFTKC,1.438,1.454,1.455,1.231,1.612
INKHTKRCKDLNTFLHEPFSSVAATCQTPKIACKNGDKNCHQSHGAVSLTMCKLTSGKYPNCRYKEKRQNKSYVVACKPPQKKDSQQFHLVPVHLDRVL,0.759,1.459,0.696,0.629,0.251
GILKTIKSIASKVANTVQKLKRKAKNAVA,1.154,1.365,1.05,0.946,1.257
SEVHESGYLK,3.14,3.718,3.449,2.557,2.837
SRVPLKSPVKIVGSKVMIFA,1.836,1.768,1.514,1.786,2.276
KLLSHSL,2.748,2.074,3.34,2.709,2.868
NFYVVLLCNMPELSSLDVSQSLEILHA,3.898,3.9,3.957,3.756,3.977
CGGYCGGWKRKRCTSYRCG,0.951,1.516,0.989,0.732,0.568
GLLSAVKGVLKGAGKNVAGSLMDKLKCKLFGGC,1.148,1.32,0.642,1.32,1.312
PHSFWLFLKKKLVFHWVLGINYATTTQLEPMLNLKKENL,3.215,3.313,2.413,3.444,3.692
LDPGTTVHLNHRISSC,3.457,3.02,3.724,3.504,3.581
VTCDLLSLQIKGIAINDSACAAHCLAMRRKGGSCKQGVCVCRN,0.577,0.844,-0.131,0.773,0.824
PRLGAWGRGF,2.736,2.599,2.666,3.046,2.631
FKSPSGEVHPQGFAQEHIAMPLLCSADIDALYHCWQAYSA,3.639,3.891,3.397,3.461,3.808
HGHLSRGNAAPYSSIYINLFLVTALP,3.727,3.872,3.557,3.599,3.881
FFGWLIKGAIHAPKAIHGLIHRRRH,0.666,0.663,0.543,0.74,0.719
VWRRWRRFW,0.993,0.907,1.038,1.028,0.997
GVCRCVCRRGVCRCVCRR,0.612,0.903,0.715,0.425,0.404
FIHRVNSNIRCFYFFSLELGRTFKISSQ,3.741,3.88,4.059,3.623,3.4
FLPAVLRVAAKVGPAVFCAITQKC,1.058,1.421,0.749,1.112,0.948
RQWQSKIRRT,2.253,1.939,2.926,2.06,2.088
TMSLRFWRWKVR,1.48,1.325,2.015,1.183,1.396
ELDRICGYGTARCRKKCRSQEYRIGRCPNTYACCLRK,0.84,1.097,0.689,0.629,0.946
KKKKLFKLLQ,1.229,1.324,1.381,1.092,1.12
FAGAAFKALSKLL,1.253,1.5,1.396,1.252,0.863
KLKLKFLKKQ,1.15,1.294,1.3,1.152,0.852
KPPEPVQGSHRTCKGCDPEWCKKRERGEG,3.334,3.861,2.662,3.027,3.786
AAGAGAASGE,3.218,3.075,3.753,3.424,2.618
TATKLISKVTGREIIARDASRFHHFKDGI,3.601,3.884,3.815,3.608,3.095
FLSLALAALPKFLCLVFKKC,1.418,1.676,1.33,1.18,1.486
GKWMKLLKHILK,0.968,0.874,1.121,1.104,0.774
IYTYVIGRG,3.295,3.908,3.083,3.368,2.82
RLLRRLLRRLLRRLLRRLLR,0.678,0.806,0.741,0.523,0.641
FPRYSLTLTGLKCSATNFEYCYVITIT,3.692,3.549,3.749,3.573,3.899
HPMQTFLDTVPLCAVQTLSDTVYWKLLFR,3.762,3.857,3.824,3.635,3.731
DKLIGSDYQGIKHYQIVDFLLNDKILEI,3.829,3.894,4.109,3.624,3.687
FKALLWQWRM,1.692,1.638,1.852,1.642,1.634
GLFAVIKKVASV,1.689,1.821,1.506,1.497,1.931
EWRPHGSNGGSSLRPGRPQTLPPQRPIQPDFNGPRQRF,2.488,3.911,3.248,1.041,1.75
RLKLLLRLK,1.032,1.035,1.144,1.076,0.873
INFLKLGKKILGAL,1.386,1.397,1.234,1.263,1.65
KWKSFIKKLTSKFLHSAKKN,0.891,1.069,0.889,1.162,0.444
STIRRSIG,3.789,3.887,3.904,3.408,3.957
PGMGIYLPM,3.502,3.917,3.579,3.556,2.954
QKKIRVRASA,1.887,1.679,2.465,1.229,2.175
RRIRPRPPRLPRPRPRPL,1.078,0.748,1.448,0.806,1.31
VLNDNLLR,3.377,3.517,3.498,3.059,3.432
GLLDSFKNAMIGIAKSAGKTALNKIACKIDKTC,0.789,0.606,0.809,1.225,0.514
FRYTRFEKARIIGARALQIAMGAPVLIDVPEGITPLQAALLEFEKGVIPITVIRPS,3.754,3.877,3.76,3.623,3.757
GDVSQFLQHQVATLRAKEKEEKERKEKEKKGQGKKG,3.295,3.972,3.209,3.016,2.984
GFSSLFKAGAKYLLKSVGKAGAQQLACKAANNCA,0.689,0.488,-0.053,1.204,1.118
LFGFLIPLLPHIIGAIPQVIGAIR,1.227,1.159,0.998,1.165,1.587
NKGRQQNANGAASGWQQDPLVARGLK,3.49,3.51,3.36,3.208,3.884
KWKLFKKILLKFLHLAKLF,0.542,0.881,0.788,0.715,-0.215
FMPILSCSRFKRC,1.436,1.555,2.279,0.621,1.287
AAQTTAPSMTR,3.616,2.926,4.136,3.517,3.886
MAKEFGIPAAVAGTVLNVVEAGGWVTTIVSILTAVGSGGLSLLAAAGRESIKAYLKKEIKKKGKRAVIAW,0.32,0.211,0.187,0.469,0.415
YEEEQERIDKPEISSKAEVDEKR,3.096,2.401,3.084,3.441,3.457
VQAVRPEALPLGMSYAFKGKFGSHWLSVAQ,3.815,3.867,3.684,3.646,4.063
TFFRLFNR,3.474,3.312,3.758,3.125,3.7
ARMVLRCERNRLSPLMLEMLLFLKVNSKYWDVTTVDAVI,3.845,3.898,3.863,3.584,4.037
AKRLKKLAKKIWNWK,0.918,0.822,0.916,0.769,1.164
FCKGREINDNLQEKRTILLKKKGNGKQKGTDLRKKEGNKMKTDT,3.356,2.147,4.174,3.604,3.498
GRSRWLLICIALLQLCTLSLRSMQMLQLSF,3.753,3.884,3.932,3.521,3.675
DLARNLGLVDIDDEYDEDSDKEKPIFNV,3.685,3.856,3.916,3.631,3.338
DPIEPAFEMSKSVDLLVTGSAGKSSDSSQS,3.787,3.901,3.842,3.58,3.825
RKCLRWQWRMRKVGG,1.437,1.579,1.484,1.053,1.631
PLSQIGSYSYT,3.79,3.914,4.151,3.43,3.663
FVIAKLMSLVVTTSVKMKITHSTRSEWIA,3.728,3.899,3.777,3.657,3.577
VELNVGRVPFFPAKANRLKRKESKQISKT,3.552,3.926,3.875,3.521,2.885
STIIFDHLLPYLGAEGATYWAQLLMVDPV,3.945,3.855,4.132,3.667,4.127
RFVFCAGN,3.176,2.866,3.632,2.824,3.381
VSVPTLFTETSKQAIYFLIRILPQKSLILV,3.768,3.875,3.858,3.573,3.765
AIEVPSLNG,3.578,3.558,3.863,3.436,3.454
IKNTEEPRRNNDYYLGGKQNSCNQTILN,3.382,2.091,4.227,3.575,3.635
KLSDAKTIDTDWETVFVALLDPDEWLDT,3.987,3.878,4.457,3.662,3.95
PKHRSKVRPRSWLFSHGLRCRCVRVS,2.988,1.939,3.353,2.904,3.755
ICNVDRDRDGRVDFGEFKCMMQGITVWGA,3.813,3.905,3.834,3.631,3.88
FLPILGKLLSGIL,1.102,1.211,1.27,1.212,0.714
PLVITWPDTMISIYY,3.749,3.869,3.978,3.43,3.719
GCRRWCYKQRCVTYCRGR,0.502,0.614,0.672,0.604,0.119
FVGALFKALSKLL,1.184,1.076,1.358,1.242,1.059
FLSLIPHIVSGVAALAKHLG,1.035,0.798,1.345,1.123,0.874
LEARAARLRRAPEITGDASARSDSRVVHAPNTHEFLARVS,4.032,3.899,4.362,3.783,4.085
GIGTKFLGGVKTALKGALKELASTYVN,1.14,1.049,1.18,1.24,1.091
EMKYVPTTCPYCGTGCSMNLVVVDGKVTGVAP,2.904,1.283,2.508,3.454,4.37
FVELPTEST,3.164,2.384,3.721,3.37,3.179
FLSGILKLAFKIPSVLCAVLKNC,1.224,1.008,1.422,0.888,1.578
GKFMSLLKHILK,1.204,0.95,1.444,1.299,1.121
FLGGVFKLASKVFPAVFGKV,1.484,1.486,1.481,1.424,1.546
KCRQWQSKIRRTNPIFCIRR,1.177,1.576,0.838,1.233,1.062
LSLRLNTQMYLQPNFSKFGSMSQNSTSL,3.855,3.886,3.867,3.656,4.012
NGDMSQNKREKHWRSSKTETTK,3.742,3.879,4.029,3.359,3.701
AANIPFKVHFRCKSIFC,1.573,1.714,1.642,1.916,1.02
AVNLWNGNSFHLIGRSPSNISSKDRIWSM,3.763,3.873,3.91,3.512,3.756
ATFKFQTMSRGDSCIAYKQNQGYSRK,2.959,3.548,3.438,3.025,1.824
ISAKRTTKVTVAEHLIFYRQKIIYPLGP,3.706,3.888,3.772,3.562,3.603
RKAHQSKIQRNLSPTTPAPAGHASRRRSSSSSVAIATSTAVPMG,3.807,3.723,4.133,3.611,3.759
VTLPPAGAMGRCVTGSMPRPRSFRRMCVFQ,3.192,2.009,3.965,3.466,3.33
AKNNNYSYALAA,3.403,3.888,3.826,3.093,2.803
GRTSSGTEAWRSRLRRQTSYASCSRGS,3.703,3.886,3.739,3.407,3.78
WEIVSQGLISMSTWTEPEASPHLVQKC,3.819,3.946,3.798,3.671,3.859
YGQINSNHTKRKLESFQLPFFFTELHLI,3.88,3.895,4.163,3.711,3.749
GLFSVLGSVAKHLLPHVVPVIAEKL,1.093,1.033,0.915,1.107,1.316
SFLSTFKELAINAAKNAGQSILHTLSCKLDKTC,0.935,1.123,0.747,0.848,1.024
EHRLTANP,3.862,3.861,4.128,3.458,4.003
ACVNQCPDAIDRFIVKDKGCHGVEKKYYKQVYVACMNGQHLYCRTEWGGPCQL,1.232,1.658,1.72,0.798,0.753
PHVALKPGKLKFIIPSPKRPVKLLSGGNTLHLVSTTKT,2.066,2.066,1.952,3.417,0.83
ALWKNMLKGIGKLAGQAALGAVKTLVGA,0.887,0.807,1.017,1.021,0.701
RTCESQSHRFKGPCARDSNCATVCLTEGFSGGDCRGFRRRCFCTRPC,0.391,0.747,-0.012,0.516,0.313
LGENCSLC,3.629,3.526,4.432,3.203,3.354
DILVVARAMMALCDRVFFCFSHLLIRSKS,3.88,3.916,4.175,3.721,3.706
NNVLTLIIKTTTPTLRHRSSKLPQYHTLQLIGNRYD,3.697,3.947,3.692,3.67,3.477
YKLARIGVRVR,1.877,1.895,1.739,1.733,2.143
VDKGSYLPRPTSHPRPIRV,1.003,1.029,1.552,0.95,0.48
INWSKIFEKVKNLV,1.44,1.227,1.786,1.363,1.382
TVYQHQKAMKPWIQPKTKVIPYVRYL,2.219,1.942,2.397,1.85,2.688
KAVTVVGMGDEGCPGLSSIAANAVAKAQILAGGKRHLDFFLNSPEKK,3.118,2.604,3.397,3.536,2.934
WHSRVSPGVPYNCKSDQPQPRHMGVSCGV,3.526,2.484,4.056,3.56,4.006
GGLRSLGRKILRAWKKYGPIIVPIIRIG,0.609,0.872,0.662,0.493,0.409
GLMSLFRGGVLKTAGKHIFKNVGGSLLDQAKCKITGEC,0.678,0.595,0.582,1.11,0.425
DNNAARWTHPLLTGFPVVLEIPVAWGEMDAFQHVNNIFY,3.689,3.867,3.844,3.431,3.615
