Sequence,Length
AMDPTKYYGNGVYCNSKKCWVDWGQGSGCIGQTVVGGWLGGAIPGKC,47
SIEERVKKIIVDQLGAKAEDVKPETSFIEDLGADSLDTVELVMALEEEFDIEIPDEEAEKIATVQSAIDYVQNNQ,75
RSVFTKKNGKVFLYVVLLVLAAWRGYALAD,30
GLLGSLFGAGKKVACALSGLC,21
AGIGTCCGGCMYTTAGGTCCSGIPICAK,28
TVDLVERALQIAINIRQPKEKLMFHRD,27
RRRIIIIIRRR,11
WKKVFKRLEKLFSKIWNWK,19
ESMFILLALIILLIFGYLLYALIFPEKI,28
KLRPMQDRIIVKRVEEETKTAGGIYIPETAKEKPQEGEVVAVGNGKRTEDGKILPLDVKVGDKVLFGKYSGTEVKVEGQDYLIMREDDILGVIEK,95
SAVWRWRRFWLRKRK,15
RVQEALPLMRSAGCSYTQYPDRVMSVIG,28
WFHHIFRGIVHVGKTIHRLVTG,22
ELPKLPDDKVLIRSRSNCPKGKVWNGFDCKSPFAFS,36
FLPLLASLFSGLF,13
FLPLILPSIVTALSSFLKQG,20
LSNAMIEKFIEHTLVSTVHEDEIEICIPKEKRAEFESWRSTSGV,44
RLCSKSMYASTKYTA,15
FSVTWRWWKWWKG,13
KKGGISVSPTKRMKLLLIKPAL,22
RCRRWSASSRSSSGPPGPISSDFGASTGSF,30
GLFSKFAGKGIKNFLIKGVKHIGKEVGMDVIRTGIDVAGCKIKGEC,46
AKSKNHTAHNQTRKAHRNGIKKPKTYKYPSLKGVDPKFRRNHKHALHGTAKALAAAKK,58
KKRWVWIRY,9
GILSTVFKAGKGIVCGLSGLC,21
SVTP,4
RRLFADRLVLATGVIVILMSVLFALWRVSG,30
GIGAVLKVLTTGLCALISWIKRKRQQ,26
NRWCFAGDD,9
ICVAYSAPVAAATAVFLIYPIGQGSFSDG,29
SRTICCAPKIMLLVHGISFISGMASTTLS,29
PKLLKTFLKWIG,12
PHHLAASRPQP,11
ASTAQDMAAALQDRLTRMDDAIELLQGLRRETASLVIELFPEVA,44
NQHGQVVKIFHH,12
ADSNQRDFALAA,12
FLGVVFKKASKVFPAVFGKV,20
PRPLPFPRPGPRPIPRPLPFPRPGPRPI,28
INWLKLGKAIIDAL,14
SKGKKANKDVELARG,15
FLPLVLGALSGILPKIL,17
SMLSVLKNLKKVKLKFVACKINKQC,25
INWLKAKKVAGMIL,14
SKVWRHW,7
DLKEKIRNIPDFPVKGIQFKDITTLLKDK,29
GYLARRVPGVRVKELVGQDHFAHREAPAVFAQALRELLLT,40
GIPCGESCVFIPCITGAIGCSCKSKVCYRN,30
MDVFMKGLSKAKEGVVAAAEKTKQGVAEAAGKTKEGVLYVGSKTKEGVVHGVATVAEKTKEQVTNVGGAVVTGVTAVAQKTVEGAGSIAAATGFVKKDQLGKNEEGAPQEGILEDMPVDPDNEAYEMPSEEGYQDYEPEA,140
HFLGTLVNLAKKIL,14
SKILDNIKCVKCQQNAETQPSPHEFNHTYP,30
FCSPQKCAQACVIMMALDGPVVPEVYSR,28
PKLLETFLSKWIG,13
AQWFAIQHISLNPPRSTIAMRAINNYRWRSKNQNTFLR,38
AASLSSCFFLR,11
GNNRPIYIPQPRPPHPRL,18
EDGSSRPNLKPRMATGVRWQRYASSAE,27
RRWWKWWWR,9
THILADPY,8
VWPLVIRTVIAGYNLYRAIKKK,22
KDVQIAVIDNLSFDSFGDIHMPNYKVLL,28
KLKKLLKRWRRWWR,14
KNVPIKSIKKLFTMNISNFFMRSILIGSCN,30
LLMWKFCNHTATLKIFVCVHLKHLLVLGLGGYVVVY,36
GLEVGSLSLKI,11
RICRIVVIRCIR,12
TEPSNQP,7
MGAVVKGALKIIGGGAASGGAVYGLERIFGR,31
GLRKRLRKFRNKIKEKLKKIGQKIQGFVPKLAPRTDY,37
ATKIIDDTPKTKGKRSGLGDILKPLNS,27
HGVTPDLAKAVLRTNTTAIAATMVHRGDADSLICGTFGQYLWHL,44
FFGHLYRGITSVVKHVHGLLSG,22
FSKYERQKDKRPYSERKNQYTGPQFLYPPERIPPQKVIKWNEEGLPIYEIPGEGGHAEPAAA,62
STVKVASKLAVVVSPISKGS,20
EKEAAELGK,9
TEERMLSLVESGWPAFERANHWVWVSGRRL,30
KYPLEKFQNIG,11
LVPIDLLLLNASAFTPVLVAIKRISNLSM,29
GKESHYNSKKDRVFLRAIAGPYNLKAEL,28
PNAGIMLPPPGLAKDGHKVQFGTNHVGQALLTELLLLRL,39
ALVYAGIKKTAFLKVQKCDG,20
IIPLPLGYFAKKT,13
RWLLSLTRITYLSKLIGICSIAAFLQLELFWVYSENLTLLGLA,43
VLSAADKGNVKAAWGKVGGHAAEYGAE,27
WLRRIKAWLRR,11
SAGVIAGVALVFLLLAYLVYALINAEAF,28
INLKAIAALAKKLL,14
VWRHW,5
PANAPLCHFSVAVKTIYIGHWALGLQ,26
GLMDTVKNAAKNLAGQMLDKLKCKITGSC,29
ALWKTLLKKVLKAAAK,16
QVVVLLQLLMEMLFVQLIREILQFMLVILV,30
GMWSKILGHLI,11
LKWLKKWLK,9
IFLGEKKQFRLTSDDLFKVRWEYEAYVMLQPGGSVF,36
SSLKHHHCTSMLKILVLSVHCMISSLT,27
GIFPKIIGKGIKTGIVNGIKSLVKGVGMKVFKAGLNNIGNTGCNEDEC,48
TTSIRRRYQVSLIRRHRGKR,20
LAAKLTKAATKLTAALTKLAAALT,24
TSVGNLFVFQKKKMDNLLIVFKVDSS,26
VELNQVGF,8
HGVLACRPFFLDSLAQISPPPGPCSKNGGT,30
RSQPGPTCPSSVQAILCDNRCGRSACSYYIERCACCAKCNRIPYYGASNHP,51
GLPRKILAAIAKKKGKCKGPLKLVAKC,27
DVDAKDELKRALKEYKGSILMVCHEPDFYEGWMDQIWDFNNLT,43
KRKSGSGSKRK,11
KQQILISITLIKDEIALYEWIFSIVPMRFLI,31
YPQQDHPHQQDILHSSNTTLTSLTGSTC,28
LLMSIVGYRLGPLRNNRHTAGNFMQV,26
KLKKLFKLKQ,10
GLLPLLSLLGKLL,13
PRRCYSARF,9
IEVTDFKGIFFPDLELNQLADISDSAG,27
LDFTWELFSETGNVDTYLLFKEIEVERQERHLVLNDELAEFDFPVS,46
TLDGINTLNFFDTTAGWTDDFFRLFGKEQ,29
ATQIIDDTPRTKGKRSGIGDILK,23
GLVELLVCRWSHTKSI,16
VEQLAIFYSR,10
IKPIKLIILRMVGLRCIQQSMLFEMFYRT,29
ERWNLSKDGRSSSHDTRTTSKPAPCSLSWW,30
MNMQSMMKQAQKLQKQMEKGQAELAATEFTGKSAQDLVVAKLTGDKKVVSIDFNPAVVDPEDLETLSEMTAQALNHALAQIDDATQKKMGAFAGKLPF,98
SSIAITMMVIALTVIWGGLIFAVKRLPKE,29
HQFRFRFRVRRK,12
WFKFFKKFFKKWK,13
KLKLKFKLKQ,10
IYLSSDLENTVSETNSSIKLIGPKKYYTAINGAKWSH,37
DDFINESEVSCFRVL,15
GIFSKFAGKGIKNLLVKGVKNIGKEVGMDVIRTGIDIAGCKIKGEC,46
VRRFPWWWPFLRR,13
IAPIFAELAKTVGADKDGLPTLVAK,25
LGGLIKIVPAMICAVTKKC,19
KKLFKKILKYLTTGLPALISW,21
KKLFKKILKYLAGPAGIGKFLHSAKKDEL,29
GSNANPSSPVCPKLQA,16
SIIPSYFVFLLAALTPALVPLTGSNKIKLI,30
LIVGNRIDRLKKQLSESFAMKDMGAAKQILGIRIIRDRQAKKLWLS,46
SKVGRHLRRFLHRAHRKL,18
TIFIDYVLLLGFVFALAAGLFLIFQGIKLI,30
PNRSLKKKHMKRRTLARTTRMKVCGLQHRG,30
GIGSAILSAGKSIIKGLAKGLAEHF,25
HTCHFRRRPKVRKFKLYHEGKFWCPG,26
AILTTLANWARKFL,14
GPIRRPKPRPRQRPE,15
NSQIRPLPDKGLDLSIRDASIKIRGKWKARKNFIK,35
GFKEVLKADLGSLVKGIAAHVAN,23
RSRAGGGRRRQGSAQWRVGDCVDKRSSLAS,30
IFHLFFLTITISKRRYTVENIRSERNQQRIKEELLYKRAQYVQTRRFF,48
IGALQGAVDRVLTQPTQSIVRNVAVVNSLYK,31
GKKLFKKILKYLAGPAKFLHSAK,23
AFRLPKLTYTTDRAVCASSHSM,22
NGMSHGLTHTA,11
GFLGPLLKLGLKGVAKVIPHLIPSRQQ,27
STPPILHYKKPSFRFQWLPLPENYFIILISPNMGTREHTKTLFISNIRR,49
LGYLEQLLRL,10
CGGYSGGWKRKRSTSYRCG,19
NAEPSVTASEVARQPGVAMVDTYPARTEHA,30
RIIDLLWRVRRPQKPKFVTVAVR,23
NFDFVNYRPEVSVSAGVYCECFGLGGADSDHLGCVQID,38
RMICWRKTKTI,11
GLPVCGETCFGGTCNTPGCACDPWPVCTRD,30
DLARMGNPIKV,11
GYKYINNIIKYINKFFKYIW,20
GLPICGETCVGGTCNTPGCFCTWPVCTRN,29
GIGGVLLGAGKATLKGLAKVLAEKYAN,27
AIEAPPNG,8
KWKSFIKKLTSVLKKVVTTAKPLISS,26
CGGYSGGWHRLRSTSYRCG,19
KVFKRLEKLFSKIQNDK,17
PRPPRLPRPRPRPLPFPRPG,20
KNLRRIIRKGIHIIKKYG,18
GLFDVIAKVASVIKKL,16
PGLAAASPAPPEAQEKKPLKPCCACPETKKARDACIIEKGEEHCGHLIEAHKECMRALGFKI,62
NPVVRITNGAIRGQN,15
EIRTAISPEPKFSPEAEPGAGAVYREYA,28
MAKIGKWVVKGAAGYLGWEIGEGIWK,26
QGRWSHFWHKRSLKVCIIGIGSTYRLVQ,28
GFMDTAKNAAKNVAVTLLDNLKCKITKAC,29
AVVKVPLKKFKSIRE,15
TLRQCTTVLILCFLLEDKPMRHISFSSR,28
FLPILGNLLSGLL,13
PKLLKFLKWIG,11
SAADKRNQIPRKSLNYRTPLEVFMSYIDESHLSSLN,36
LGSCVANKIKDEFFAMISISAIVKAAQKKAWKELAVTVLRFAKANGLKTNAIIVAGQLALWAVQCGLS,68
ASSLFFMGAGLVLPPLTTFHRMDQSPSI,28
TTLKAFSLAQSIFTGNSKSFFCNKYKR,27
KWKLFKKIGKVLKKL,15
RRSVQWCA,8
PAGAAQAVFRQEDGCFMSLGPLASANPV,28
PHVALKPGKLKFIIPSPKRPVKLLSG,26
GLFGKLQKKFGRKAISYAVKKARGKH,26
GNQTIVKYVTQMRREEGVHRGYSLFYFLRM,30
NDKQREMLREETHTYFLLLRLKDKHTLSTK,30
KSFQNLSYSQGVSLICLGGFAASVTLAVLIKVFHQIF,37
YRMVHASYMIHSQERNQVSTCESMNSIP,28
LTVNTRSVEKEEDDATRAPESGDKQPERDK,30
GVFTLIKGATQLIGKTLGKELGKTGLELMACKITNQC,37
KSLYTMDHSDIINNVNSPLLSAGSVVFVPCIPYPLGVLHA,40
GMASKAGTIAGKIAKTAIKLAL,22
RSCSAPSEKERRSSSWWGGLGYWEGNRFFF,30
PCRGRSCGPRLRGGYTLIGRPVKNQNRPKYMWV,33
PIYSLVLVWWGLVSYMCTSAVLEDSS,26
HSSGYTRPLRKPSRPIFIRPI,21
GYPICGESCVGGICNIPGCSCSWPVCTTN,29
AIDENKQKALAAALGQIEKQFGKGSIMRLG,30
QGRCPEAETGGSMFSTGSESLRDARTPSMH,30
NLVPYIYFIRLIILSRTHSRSLPLDYNSFTPSSLDNHFH,39
GYTPFFYVLGVGLSTLEQKLTE,22
PTIISYFGFLLVALTITSALFIGLSKIRLI,30
RREMGREERRASRRGGGDAIIEVGNG,26
ATTARVSTTEPILSLTPGPARTDLAAVQ,28
GLMDTIKGVAKTVAASWLDKLKCKITGC,28
ILPIRSLIKKLL,12
PSGLSPDISLA,11
TLLHDTRATIMLRSTNPTYKELARTLRSTNKSTTIRRP,38
YKEFTWGEYKKAAYKSSLGDNRLAQFEK,28
KNFFTTLVSLMRIIAYWDYSLILSMNQ,27
RQFYQHYFTATAKLCWLRWLSVPQRLTMLEGLMQWDDRNSES,42
KLPILDVKFLPKFSSHHFLATV,22
RRRPRPPYLPRPRPPPFFPPRLPPRI,26
LFKVASKVLPSVK,13
GLMSVLGHAVGNVLGGLFKPKS,22
RFAPKPLSCKLSGSHGTCNFSMLPAGWSPF,30
KLPLQFRRLAGDAKNSRKLVVCLQFCSNL,29
FFPIVAGVAGQVLKKIYCTISKKC,24
GVWIGSCGLS,10
VRGSKIDFFQIKIVAVTIESNVDEHHFFTE,30
MRIVLTCRSGPSLHDVNIWDLRESFLYHNE,30
GEKLKKIGQKIKNFFKKL,18
AMKMVYARPRRSDNRRGERAGVGSPWFDLT,30
NGEAQDKHRIINLNHIYSLRYYLETISKAIPLKLFQ,36
ARNFGKFFTPVLQADFQKVVAGVANALAHRYH,32
TDYWFTVTYPEYDGTTTVIREFKSHFSLKR,30
INKHTKRCKDLNTFLHEPFSSVAATCQTPKIACKNGDKNCHQSHGAVSLTMCKLTSGKYPNCRYKEKR,68
HNSSKQWSHWLWHNGIRI,18
GILSGILGVGKKLVCGLSGLC,21
FTDSTFSISTSMGLPDDCISIC,22
NMTIQTSISITLHGQQDSLTNSYRIRATGTLLNIRRT,37
SRRRFEVGNFF,11
GLFGRLRDSLQRGGQKILEKAERIWCKIKDIFRG,34
VSVAWITMYQSTISVFHADIETMVMLAELR,30
KKKLLFKLKQ,10
NDFEKNVQSKRNDAVDSAVGFVVSFGFFAFLFVMATVIHLVGS,43
RRIRFRPPYLPRPGRRPRFPPPFPIPRIPRIP,32
KSSTRGRKSSRRKK,14
TKAVEHLDDLPGALSELSDLHAHKLRVDPVNFKLLSHSLL,40
GLLSGTSVRGSI,12
GFKDLLKGAAKALVKTVLF,19
AVNIPFKVHFRCKAAFC,17
QAIFSSQNTSTKQFNDLISCYT,22
GMAKLLAKVLPHVVKLIK,18
GWLKKIGKKIERVGQHTRGLGIAQIAANVAATAR,34
LVKPLCHTRTGEPVGRLRESVADGSASNSKEAVRPFEATAHDLRNLGE,48
LNKGAILKHIIK,12
FRSGILKLASKIGSVLCAVLKNC,23
VLHTGYRKFLHRSKRFFHLR,20
QIGQRTGPILHSYSLTVNAATNFKFFWF,28
NIKPLADRVLILPAPAEEKTIGGIIIPDTAKEKPLQGEVVAIGNGTKDEEMVLHVGDQVLYGKYSGTELEHDGKKYLIMRQSDVLAVLG,89
TYAYKACELNDLATCRQIKEIAKNACDEGDQDGCKWLDTIKNRK,44
SPAIWGCDSFLGYCRLACFAHEASVGQKECAEGMLCCIPNVF,42
NLKAQLSEGTIVVVFPDGSDRYMSKQIFNYEENDYE,36
IPPFIKKVLTTVF,13
ILFSFKSIYIFVCSLFFGHQSFLHLYY,27
MLTAEEKAAVTAF,13
KKEILCGNCNGAGFLGGFMSTFDETSG,27
KSKDNDSKIELTQKISVLQPIMNIRLFMKVPFQEIRNQ,38
TEHIQFLVVFTQLGNLREDIIACFYHGSDGMTAEVFAAA,39
VGVGGGFGR,9
CRLQIYPPFIILIFFTDLPSIYLQDNTR,28
RQQMCQYNGRSTDFHHNHTYLATVCKRF,28
SMLSVLKNLEKVELEFVACKINKQC,25
ELPGEDPSFCILASNGLRIEAGNQVGVGT,29
AKIPIKAIKTVGKAVGKGLRAINIASTANDVFNFLKPKKRKA,42
LRNQRSFTLIELLVVIAILAILAVAVVL,28
DGDMIWILAVVKRACKLQSSYLNVED,26
MARRIQVAKMIVEGKGYNEIMKQMKVSCQTITKIEH,36
ITILGYVGFLGAFLGATIVIYFSLVKIKLI,30
KKLKLFKLKQ,10
KWKLFKKILKFLHLAKKF,18
ATQIIDDAPKTGGKKSGIGDILKPLNSEYGKVPPG,35
AIHKLAHKLLPKTLRAVKKLAN,22
QRFSQPTFKLPQGRLTLSRKF,21
FKFVRVAAFGKIAFKMNGTDRRSLPCCRM,29
TRNRAERRHPMMRLKKLIVVLMIDVNAIG,29
LLRHVVKILEKYL,13
CKLFQRAFLKLNLGHHKLFVSEQEENIN,28
ILGPILGLVSNALGGLL,17
TMFSEVENINPVFQEVLNRYYK,22
RGGRLCYCRPRFCVCVGR,18
FFFLRRIF,8
TPVVRKGRCSCISTNQGTIHLQSLKDLKQFAPSPSCEKIEIIATLKNGVQTCLNPDSADVKELIKKWEKQVSQKKKQKNGKKHQKKKVLKVRKSQRSRQKKTT,103
KFKQ,4
CVHWQTNTARTSCIGP,16
KDLYEKDKLDE,11
KLAGLAKKLAGLAKKLAGLAK,21
GLWSTIKNVGKEAAIAAGKAVLGSL,25
AKKVFKRLRKLFKKI,15
VGRMTMTKGFTVEETLMAISNLTIFLYIAVVIYCFSRLSHLKQ,43
SMISVLKNLGKVGLGFVACKVNKQC,25
RWRRWKWWL,9
TDTNVIGECFDEWSRCHRQTRWWTKILFQSCENRCKCKVQLMGNCIKVPFKCFLWKQKRFMCECYGPISGTKPWYCGWEL,80
KTVPVVLKASIKVSSAGFGF,20
GLISGILGVGKMLVCGLSGLC,21
PWDAFSSKSLP,11
WIQPKTKVAPYVRYL,15
FLPIIAGVAAKVLPKLFCAITKKC,24
GIFGKILGVGKKVLCGLSGWC,21
SISVNANGLPPPSPPLQPSGFLVGTALAARGELILGATGFFEVFLDLG,48
IIGEKRMVKKHKLTFDASLLTITYATLQLTEN,32
KVASVIGGL,9
ETRLIAMPVCLYLRFCPFWREIGISADR,28
GVIDAAKKVVNVLKNLP,17
YAHAVHCLIYD,11
TTLNSLP,7
ASFDISSFISTTADTVIKRLYVDREINLFDHYCIISRSPHISRWELKWQATVTCPGWTPVKGKVRGYSNPLSAEREATRDFVQRIVQRGLVTRDEASEWL,100
VVLQTCNPRTSQKPTKPDSTGRGLQHML,28
CTRPNYNKRKRIHIG,15
VIVVFVMN,8
PNISSHPVQKASVGHKLLHFHVQLEV,26
LPLKLQRGLLVLKGIDHQQNFLFLYHHHLQ,30
GLLSGILGAGKRIVCGLSGLC,21
GILGNIVGMGKKIVCGLSGLC,21
NVGFIGLGNMGQAMARNLLKAGHNVTVYN,29
VMYTDSTKHPNGVWMYRCLGKHLLYGCNQICGALGPDDTKDMEATTTVV,49
HEMIASGWLFQ,11
DKLIGSCVWGAVNYTSDCNGECLLRGYKGGHCGSFANVNCWCET,44
QGDGNFVIYTWKP,13
GLLSGILGAGKHIICGLSGLC,21
GFFALIPKIISSPLFKTLLSAV,22
ADAEDIQPLVCD,12
EFRRRYSAKGTIKSSTHITHACMIITGGAS,30
GYTVALTGGIGSGKSTVADAFAQLGVK,27
SDHPVKGYLRFPCMQ,15
RWCVYAYVRSRGVLVRYRRCW,21
FLGLLFKVASK,11
QTQPCSVRNQ,10
EIFQRRTNCLMNCLCLVWFLMYMCTMPI,28
KWWRWRRWW,9
GIMDTIKGAAKDVAAQLLDKLKCKITKC,28
RIKRFWPVVIRTVVAGYNLYRA,22
ALWMTLLKKVLKAAAKAALKAVLVGANA,28
GFWGKLFKLGLHGIGLLHLHL,21
KIFWLVSHKVNTLGVRQEGQEFWQDFLKYTPIIGIECVK,39
DHYICAKKGGTCNFSPCPLFNRIEGTCYSGKAKCCIR,37
RPEYFEACMLTELIRKNWSLLVPCWSLGQK,30
LRWFTGLLGALLLAFTAGCGARTLSGPAVQGQRVVHCAI,39
VTCFCRRRGCASRERLIGYCRFGNTIYGLCCRR,33
KFHHIFRGIVHVGKTIHRLVTG,22
ITEIINTATLIFTMVLIGLFLGFCLLKAQG,30
KLLKKFLKKQ,10
GLFLDTLKGLAGKLLQGLKCIKAGCKP,27
LRLLQGQLQYWGCPLCLGIRAPAALALFVFMQFGGIIHA,39
SHMLAKISYPFINSLAIMMHLSNFILILFS,30
HVYSMVLYNFHEFCCCHRIEKV,22
RGCVYAYVRVRGVLVRYRRCW,21
DMKENKEAGTIPTSLFFINGIIFYAIVTF,29
KKVWFIFHVCPKLKQRIL,18
FLGVVFKLASKVFKAVFGKV,20
KKFAMVFPGQGSQTVGMLADLALEYQTPSPTTAKGF,36
TDYRKDGHPSVFRNPITGSEQHENKAQDCSHSCLPAVPDAWNELLYATL,49
GILGNIVGMGKQVVCGLSGLC,21
LLMVLLNFQDCVNPVVITCPHTLIVNCDSL,30
WQRRMRKLGAPSIT,14
PAKQVAFAEHAREKMLRGVNVLA,23
RRIKVEIKRLSTARAPIPKPPSG,23
RPKPQQFFGLM,11
WIQPKTKAIPYVRYL,15
DDSGHRENGRHKPPQGQISVSCFVSG,26
AISYGNGVYCNKEKCWVNKAENKQAITGIVIGGWASSLAGMGH,43
SCQMLYQQYADDKEKLAQLKALWQYAQDIV,30
FRFGSFLKKVWKSKLAKKLRSKGKQLLKDYANKVLNGPEEEAAAPAE,47
GLLSKVLGVGKKVLCGVSGLC,21
HMDIVSLAWAALMVIFTFSLSLVVWGRSGL,30
KIYSYSFD,8
LGGDNYGTFSGSNGNNFQHGSN,22
GLRKRLRKFRNKIKQKLKKI,20
RWCVYAYVRVRGVLVRYRRCW,21
APIVSGGYDF,10
GMEVMHERNAHNFPLDLGAIEAPSTNG,27
GFSSIFRGVAKFASKGLGKDLAKLGVDLVACKISKQC,37
RTCESQSHKFKGPCASDHNCASVCQTERFSGGRCRGFRRRCFCTTHC,47
RRRVVVVVRRR,11
NQLQNVLEALH,11
IWEGIKNAGKGFLVSILDKVRCKVAGGCNP,30
RYGENLKILKAIKCFIFWHNFTVEVAR,27
DTTSPKRQMGMFLQGQQVSEPDKHLCHG,28
GFFGNTWKKIKGKADKIMLKKAVKIMVKKEGISKEEAQAKVDAMSKKQIRLYLLKYYGKKALQKASEKL,69
KLGIILETKEPEKAWNAFRFASAALVKGHDVKVF,34
NSSCMTPGNSALYRQGMPRSCSVLNRTI,28
GDTICTPCRQESYEINWLGYMGDTKYSPCVQESQNYVYNRARSHEWC,47
TKYFISFFKVIDGLQDLIDRMAVLIYGMK,29
FKAWRWAWRMKKLAAPS,17
PLSQTGSYWYT,11
APRKNVKW,8
RPHGAGEGIDRVPAGPSPSEVGLAIPSGK,29
YLEIISHTDKNWLAEKLSKNIHLKDTCKWCDIVFLI,36
CIEPVNVFVFV,11
KRFGRLAKSFLRMRILLPRRKILLAS,26
NIDELTKRINELHKKHKEEGLSEDEHKEREELRKEYINRFKSNLREQLKGIEPKNKKN,58
GLFSVLGAVAKHVLPHVVPVIAEK,24
KQVRDQMMAGS,11
GLNALKKVFQGIHEAIKLFNNHVQ,24
LLMIEGIDRVCVCTINMYRCQGLLCVYT,28
EATLVSANDVGTCRGDDVADNIPTRLLV,28
SIPVFVEGLSLLLEKKKKIFLQYHKGRG,28
LTGIFARNCLILSLIIIGIHINKLSIQNKYTYFRFYMGVMS,41
VNDKKTSCKSRLVVTTSMVSEWMLESPRIL,30
LAAQGLKPAEATLAQMEALWTAAKQDERR,29
RWWRRWWRWWRRWWRR,16
GIGKFLHSAKKFGKAFVAEIMNS,23
FFHHIFRGIVHVAKTIHRLVTG,22
PSSKKNNRSVIEKQLPHHRKTAASPPKNSCFTTEKQTFNR,40
IVSSMFVSA,9
DGDQAMAFPCGLSRAGTRSSAS,22
VSLFPVSLFP,10
RTCESKSHRFKGPCVSTHNCANVCHNEGFGGGKCRGFRRRCYCTRHC,47
SHGSHETDEEF,11
VYRQALEVPKLGFRRPPGRKSA,22
SCREGLMSPQTETKAS,16
AQEMCSTEEWYLIHDSRKPTGISVKYTA,28
RWRWRW,6
AHFAVSVLVISTPILGMFCCIC,22
AQKIISTIGKLPKWIIKTVNKFTKK,25
PVCLGRGKTGHTYSLVHMATRHTRVPGL,28
KRTRASIQNPAINFRRFIVNLSVQTFLVL,29
PAGQLLPQCIKKAISPSGHLRLIDWHAFM,29
SFSYFLWGET,10
AIFIFIRWLLK,11
SILPTIVSFLTKFL,14
YINLRTKTCSQLLIYRNITISLAAASYN,28
LTITSYFGFLLAALTITSVLFIGLTKIRLI,30
VRCFNHSFYTFSSTTFILGPFKVFLRSLWSPQCVHCSKNC,40
SFNYIKMLPLDTIKIDRSLLISVETDKKH,29
FIKELLPHLSGIIDSVANAIK,21
FFHHIFRAIVHVPKTIHRLVTG,22
LHKKVLLALTASLICQESLFSKEKDYTLGKVSTAGKKDKSDYSGQVNL,48
RFKKVHPKLPIYSARINRDYRAVGQLEDDTVIWFWVGSHAEYDMLLEQL,49
RQIEIACPYYSMVETCHIPQNIDVRWVKK,29
WRWWRRWWRR,10
FFHHIFRGIVHVGRTIHKLVTGG,23
DEDDD,5
GLPVCGETCAGGTCNTPGCSCSWPICTRN,29
KIRKLLYETDEVLGLRHMIRYYAPLCFKTTFVTMRNNMG,39
TRSTSSSWAT,10
GLLSGILGAGKKIVCGLSGLC,21
HRAYRFRLDPTRKQAELINQTIGCCRFV,28
GVFLDALKKFAKGGMNAVLNPK,22
RRAAVVLIVIRR,12
LVTLASHLPSDFTPAVHASLDKFLANVSTVLTSKYR,36
NPFKKLERVGQHIRDGIIKAGPAVEVIGQANSIARPAGK,39
KKCPIVVIRVCK,12
SYESFESAHLQAALAAAAHSSTLLRRFTR,29
FACRRWQWRMKKLGA,15
MPLSWFFPRTWGKR,14
SMTSNTHVQNPSSAPAAQPCFLNCLTQLILLRKQALQRAN,40
FLGALFKALSHLL,13
LRLKSIVSYAKKVL,14
DFWSYKYPDPFLGSGALPNGAVVAQVL,27
PRPPRLPRPRPRPLPFPRPGPRPIPRPLPFP,31
KWVILTKINDIDEKSKNFSFLKFLQKKSIFPKNNFC,36
SPDGMQRLLRWTDWDVDAVRDDVRDYVIEYSATRPES,37
TSKTAWTTPRFVEICIGLEINGYLPPEI,28
ASNITSAKIII,11
VRSPSTTAAADEVGGGRPAASS,22
QRGGFTGPIPRPPPHGRPPLGPICNACYRLSFSDVRICCNFLGKCCHLVK,50
SVLDGVSLLLAVGLFIYLLVALLRADQH,28
GAGLRAAAAAAPEEELGLCTGAMRSSRRLK,30
VYGIYGLDLFWYVLSYDVSHVI,22
ALRFPRFSQGLAQDP,15
SYIPGQPVTAVVQRVEIHKLRQGENLILGFSIGGGIDQDPSQNPFSEDKTDKVNGWDMTMVTHDQARKRLTKRSEEVVRLLVTRQSLQKAVQQSMLS,97
TNVKESEFIAEGAAGR,16
ASNFDCCLGYTDRILHPKFIVGFTRQLANEGCDINAIIFHTKKKLSVCANPKQTWVKYIVRLLSKKVKNM,70
PKEMILQMSLIILEAYHLNFNA,22
KDWEHLKDWEHLKDWEHL,18
RLARRVVIRVAR,12
KKSYVMRGGNARNKNLSAFKCL,22
GANAAKKLATFAKKIFTAYW,20
KWKSFIKKLLSKFLHSAKKF,20
INLKALAALAKKIL,14
AKPFLPLLVSPAALLVPSQLRKPELLRPR,29
STPSMIDEPSTFSAGADIFTGKIELP,26
KWKLFKKIFKRIVQRIKDFLRN,22
WIQPKTKVIPAVRYL,15
RLFTASLMTDLSWGNLLPSSHTIRVKSIEE,30
KSGLVMSESQKTNIDPTTGRALPKGVGYRGPSQH,34
KWKSFIKKLTLKFLHSKKKF,20
FRLEYSIETPTFGPPLRESTKEAPGVR,27
QQASRSGARKVFLEAKGASLFRSPAGLDQR,30
ETIVKLSITLLLLLLTLLTKGKISKE,26
VVVLLFVACVGSRLVGGVVGAHLQNEELTI,30
CFVMNPILIDFKVMSNCLKVTVGFDHAFNLVANMGGMGFI,40
GVAHIEDVDAKDAEGISAPPDHQRKDSVSA,30
DITSIAWAALMVVFTFSISLVVWGRSGL,28
ENAEEDIVLMENLFCSYIVGSADSFWT,27
FPISTLLKWWKG,12
LNEMLIEKEFELACQSSLEEYGLTEDPFLK,30
WGIRRILKYGKRS,13
GVWSTRVSRA,10
FGSTKSSDFSEYDSEKQNLFGLLLGQKIK,29
GWKASLPLSG,10
PQLSKGLMPQL,11
FPFLVVWGRSGL,12
RRSKARGGSRGSKMGRKDSKGGSRGRPGSGSRPGGGSSIAGASRGDRGGTRNA,53
LTITSYFGFLLAALTITPVLFIGLNKIRLI,30
DNCLLNYQALLLEGPVLLTQPHFFQTMKKR,30
TEQIEAFEPVASDDYDQELTCLEPPVEA,28
FWWILLGIWGLGMIWLIIELITAPEMEDHC,30
ANVICMGERLIAEEAAVEALRAWLDAEFEGGRHEGRVAKLGAIGR,45
QACSWDLEFDFVKFWVLVMWFCNWCCIV,28
NLEETVDVVNKSLLEHIISSHGADTPLASVAQPPFSIKLKNAFEL,45
QGWEAVAAAVASKIVGLWRNEKTELLGHECKFTVKPYLKRFQVYYKGRMWCPGWTAIRGEASTRSQSGVAGKTAKDFVRKAFQKGLISQQEANQWLSS,98
EDHFTHQYFSRQCFERHHAREVLERALCAGALLFGLTASFAACLFI,46
VIRTVVAGYNLYRAIKKK,18
RIRWILRYWRWS,12
GFMDTAKNVAKNVAVTLIDNLKCKITKAC,29
RRWWWRWRRW,10
KIVSRIQCEIFLTVYLNFLIHPFRRTHFIQ,30
APDRPRKFCGILG,13
LVGEGPY,7
IEPPEEYMCIKDLAWTGNPIRV,22
RLNTTFRPLNFKMLRFWGQNRNIMKHRGQKVHFSLILSDCKTNKDCPKLRRANVRCRKSYCVPI,64
GKYGFYTHVFRLKKWMQKVIDRFGG,25
APKAMRLLRRLLRLQKKGI,19
KDEPQRRSARLSAKPAPPKPEPKPKKAPAKK,31
ISYKTLSGTWHRYVITCKTISRIWHCTSFM,30
SVLDGVSLLLAVGLFIYLLVALLRADQG,28
SPLKAVAVLTGADVKGVVQFT,21
SNKGKDQGRGSEHVENGHSGCADRPEER,28
PTITSYFGFLLAALTIASALYIGLSKIRLI,30
KNKRKRRRRRRGGRRRR,17
RCSEPNITFNEQREDLRRNENEVMPEQTGKQSDNRLTVR,39
VTCDLLSFEAKGFAANHSICAAHCLVIGRKGGACQNGVCVCRN,43
RMFLHRTQPNHSFKPHANLISLHKTHHR,28
SSDGIDLFVQALSLSLSHICIIFWQWLCSS,30
DSMGAVKLAKLLIDKMKCEVTKAC,24
GIFSLIKGAAKVVAKGLGKEVGKFGLDLMACKVTNQC,37
HRIHSSSTCQQQGEGRSYCFQPHKHL,26
IRVVELAKKSRPYTEKQVYIALACNIFANETLNAQRLI,38
PKLLKKFLKKWIG,13
CCPLLKRIPARKLLALKLVFAHLTKIVLGSASY,33
AIPCGESCVWIPCISTVIGCSCSNKVCYR,29
SVIGKIASKVVPSVYCAISK,20
ACQFWSCNSSCISRGYRQGYCWGIQYKYCQCQ,32
FIGPVLKMATSILPTAICKGFKKC,24
FMPIIGRLMSGSL,13
TQPSRRAKRKRLDSKKKRGQVKAMRGNIRD,30
GVWDWIKKTAGKIWNSEPVKALKSQALNAAKNFVAEKIGATPS,43
RVKRVWPLVIRTVIA,15
LFVYCWLRCFQDMFCTCLCHKVACNL,26
KVANTVQKLKRKAKNAVA,18
RCCGLEVPRLQFRESNKNREALARMPRW,28
PNIESVLFFVRMSVLLTLSVLLTSWPFL,28
IESVKRKC,8
CFCKRPVCDSGETQIGYCRLGNTFYRLCCRQ,31
KCRRYCYRQRCVTYCRGR,18
RTAALAATRPLPPPPPPLPRRSLEARQGR,29
DSHAKRHHGYKR,12
GADDDDD,7
HRHATLHRHSAIAAEQWVKKDKATSPQQQ,29
LILTRRVGETLMIGDEVTVTVLGVKGNQVRIGVNAPKEVSVHREEIYMRIQAEKGNGNVAPGNY,64
AHCLAIGRR,9
GALFGLASKVFPAVFGAFKK,20
GLFRALLRLLRSLWRLLLRA,20
GMWSKIKNAGKAAKAAAKAAGKAALGAVSEAM,32
AYGAIHFFIRTIFIQNCDVRDKAISESFKA,30
KWKSFLKTFKSPVKTVFYTALKPISS,26
QVVRNPQSCRWNMGVCIPISCPGNMRQIGTCFGPRVPCCRRW,42
ISLNPPRSTIAMRAINNYRWRSKNQNTFLR,30
KLLLKFKKKQ,10
AMIAIRLMVLTRMRRPGMLRELNWQRRRGEGQIIRDDIATISCKR,45
EVDGPCEDLFKTGSGADAEPLFLAPCSLCSGSKVTY,36
HHHLFGHVGHEVERSLHKVGHKLEHACHEVHKTAKKVQK,39
DTTTRISYSHS,11
STIGKLPKWIIKTVNKFTKK,20
SSGWVCTLTIECGTVICAC,19
EWKLPDLIINHITLTRRNCFKYRCG,25
KVLPEKIIVEIWAIH,15
VGQVRLRLED,10
NARFFVLGKCSLATCQISLGNLTEIVKLFCRNDKKMVN,38
GMASKLAKVLPHVVKLIK,18
PKRTKFRKQHRGRMKGVATRGNHICFGKF,29
KKLKKFKKLQ,10
RWLLKLGHHGRAPP,14
ADTTGRIPLWIIGTVAGILVIGLIGIFFY,29
PRPRPLPFPRPG,12
GVFDIIKGAGKQLIARAMGKIAEKVGLNKDGN,32
YPDPYPDP,8
SLLDTFKNLAVNAAKSAGVSVLNALSCKISRTC,33
PDPGQPWQVKAGRPPCYSIPCRKHDECRVGSCSRCNNGLWGDRTCR,46
REAICIHIGQAGYQIGNACSQLFC,24
YRLNEIRISCRYRHNQIRLSCR,22
QSHLSLCRWCCNCCRSNKGC,20
KWKLFKKLKVLTTGL,15
YQEPVLGPVRGPFPI,15
RVRRFWPLVPVAINTVAAGINLYKAIRRK,29
GWLKKIGKKIERVGQHTRDATIQGLGIAQQAANVAATARG,40
TEKYMLKVGTNNNHIKHLCFSSYYLREFGP,30
LPCIAIAPPSSPHTDMPNKSRTSWFCHEH,29
STPRTLKSIHIDKQGHLLAYYSKAQQRKGICFMEDKST,38
FLPIVGKLLSGLSGLL,16
RKCLRWQWAMRKYGG,15
KTCMTKKEGWGRCLIDTTCAHSCRKQGYKGGNCKGMRRTCYCLLDC,46
ITGLNCINKSFPGFEGLLHTFSQ,23
ASPTVFRSSVFLSLFVVAKK,20
DDDDDDD,7
NETPYKRSSNQVNPNPNESLKQ,22
GKAGTVSFGCLEPGHYGAGMKGAVSVL,27
MEKKSLAGLCFLFLVLFVAQEVVLQTEAKTCENLADTYKGPCFTTGSCDDHCKNKEHLRSGRCRDDFRCWCTKNC,75
KQMSCHTHILIPLNKSKQVIRKHKNLNQ,28
FFGPLIKIATGVLPNLICKALGKC,24
KWKLFKKIPKFLH,13
LKLKLFKKKQ,10
LTCNIDRSFCLAHCLLRGYKRGFCTVKKICVCRH,34
LARLSFRRATLNCVKSDDAVDFLLLSLRT,29
ETATSVAIFTSRSLVSFTGYALYTAFGQPSVELRDPFEEHED,42
PMERWKYLAARRCQTKCEKLRHIPKDKNS,29
HKWMSLLKHILK,12
PGLAPVLPLH,10
ASSKEREENTN,11
PIPSLDMQVARTIIIKFECTAHAKQNSGPL,30
KLKKLFKKLQ,10
RKFHEKHHSHRGYR,14
YYSHGCRQLHISFLL,15
FLLPPSTACCTQLYRKPLSDKLLRKVIQVELQEADGDCHLQAFVLHLAQRSICIHPQNPSLSQWFEHQERKLHGTLPKLNFGMLRKMG,88
GRFRRLRKKTRKRLKKIGKVLKWIPPIVGSIPLGCG,36
KWKLFKKPKFLHLAKKF,17
SLSRFLSFLKIVYPPAF,17
SKRHGLVRLELIEGLVYIDNCIVENC,26
VWRHWRRFW,9
RGFRRR,6
ACYCRIPACIAGERRYGTCIYQGRLWAFCC,30
ITSLIDFFISYIRRAPVAEYQSQPATVEH,29
PYPILIKQRIVSAQDSVKDFFFPSSKHK,28
LVRGCWTKSYPPKPCFVR,18
ELKSEMHTPKIVADLLGITPDLLKVWSN,28
KNNSVISQEEKKGSAA,16
DVLGLINTFKEFRHAESITLSLATVQAG,28
KLLKKLLKLWKKLLKKLK,18
KILRGVSKKIMRTFLRRISKDILTGKK,27
RAKWRKKRTRRLKRKRRKVRARSK,24
SINLRHGMPSTISLSQDNSGRLNSSFTRLIQRGASSS,37
RWCRYAYVRVRGVLVRYRRCW,21
APRGFSCLLLSTSEIDLPVKRLLSSVF,27
TDHQMAQSACIGVSQDNAYASAIPRDCHGG,30
RTCESQSNTFPGICITKPPCRKACISEKFTDGHCSKILRRCLCTKPC,47
RRWYRWWR,8
GGAGHVPEYFVGIGTPISFYG,21
CLVGFLPEFRIKTSMMAPLPMN,22
KKLLKFKLKQ,10
GLRKRLRKPRNKPKEKLKKI,20
KKVVFKVKFK,10
KWKSFIKKAKTSFLHSAKKF,20
ERFKELTSNVKPKINETKKDESSGQVVWP,29
GLFSVVTGVLKAVGKNVAKNVGGSLLEQLKCKISGGC,37
PSSRELETPLPQGPQAENQEPPLFYYRRI,29
RLVVFFNGFNLWLLAYYKHATNTNHTITERYAHAIKRLDKNNEK,44
FWGALAKGALKLIVGSLFSSFSKKD,25
EKVFVGGELIYDQGRFLKTEEIERLLND,28
MTPFWRGVSLRPIGASCRDDSECITRLCRKRRCSLSVAQE,40
WKPLPSGCTTTPGAGAASVTGGPTLSAR,28
TWLWELLMKP,10
RHSQKQDPAVQTETFHTGHRNDTNTNP,27
MLGWRGNWGQEPNKNQFFHLPEPKSAVLS,29
APRDSKTNGEVRTSSRMSLCVCTTYASPID,30
LVKDNPLDISPKQVQALCTDLVIRCMCCC,29
SISTILAFSSQDLSIS,16
YLLTEFQHLFK,11
DDDMAAGSTAS,11
QNICPRVNRIVTPCVAYGLGRAPIAPCCRALNDLRFVNTRNLRRAACRCLVGVVNRNPGLRRNPRFQNIPRDCRNTFVRPFWWRPRIQCGRIN,93
FLPVIAGLLSKLF,13
SSRVRTEIKLLALLAYVPIRYLEKGRIW,28
KRYSNYRANHLMTAYRIRTFFSLFSLFSST,30
LNQDVTISQHQSEFNHYLDHVRYQLLKRYP,30
IFLISMSFWTMKAQKIARPFACFCALDAIFSLLSGEIQQI,40
DTIPCGESCVWIPCISSILGCSCKDKVCYHN,31
KFWEAVNQHQQYEPTTTTVDSQSFSSYT,28
KLLQTFNQIFR,11
KLLKKFKLKQ,10
NLRKIPV,7
PILTSYFGFLLAASTITPALFIGLNKIQLI,30
ATGKVVQGAMPP,12
LSNSSSTVDIVK,12
NVLLISLDFTLFITH,15
VVRFTVQRAKIAARMIIFAGKTAKGGTSQ,29
DLQAVVQLIGNVGFPIALSLILLQTTYQI,29
KYEIAFELGVTLGPDTSHHLQMVRIGGEITKRLVRMAEKQLTGQYRVH,48
KKLFKKILKYLAGPAKKLFKKILKYLAGPAKKLFKKILKYLKDEL,45
FLGSLLGLVGKVVPTLFCKISKKC,24
APSVYYYLTTDCMQSGSKHLDGVQMHKDVS,30
KVFKRLEKLFS,11
TVSRSSAEAEYHVVAHAVAECC,22
GSKKPVPIIYCQRRTAKCQRM,21
QVVLGAFLALRAWQLRRLDRAEVSSSTPLT,30
AKAWGIPPHVIPQIVPVRIRPLGGNV,26
MGALFKAALKAAGGGAAGGATYGGLKHFFG,30
SNTLFKLVLSTNNSAEQIWKVI,22
GEVMPGQW,8
KLKKLFLKKQ,10
LGVIRLSALL,10
AYGAIHFFIRTIFIQNGVVRDKAISESFEV,30
DASSKEQQMVNYCVLLVGMQIIRSIQLRGL,30
GRTLSANQDLHYASYSITTCLP,22
LNIREPNTCVFLTRDTVSTSDTDSGV,26
GILSSFKGVAKGVAKDLAGKLLETLKCKITGC,32
GIFSKLAGKKIKNLLISGLKNIGKEVGMDVVRTGIDIAGCKIKGEC,46
MELRGCNNSGCDSVCRALGFNHGRCVSADTCRCYN,35
LSAKDVAVRAWDESFNTQPDKLIWNLM,27
RHWRRFWHR,9
VAEENQVN,8
KPKGMTSSQWFKIQHMQPSPQACNSAMKNINKHTKRCKDLNTFLHEPFSSVAATCQTPKIACKNGDKNCHQSHGAVSLTMCKL,83
FLGWLFKVASK,11
PLAIGIALAGAHLLNTPVRGQPLYRALVYLPSIVPV,36
WLFLIATDAIDGEALEHLDHDDLFTHHDPNAVY,33
EKFEKEAAELG,11
FLSLIPHIVSGVASIAKHF,19
EAGAGCRPYCCDLLWHTCFGSCILYASMGD,30
CPKTLRTSSTKQGSWIPKHSFWKKSRRK,28
TFLLVGTLGIIFFAIFFREPPKVPSKEKK,29
WKKWWKKWWKWWKKWWKK,18
IEVLLSGIVLGLIPITLAGLSVTAYLQYRRGDQLDI,36
AIRRWRIRK,9
GPCASDHNC,9
FLGAIAAALPHVINAVTNAL,20
AQRNSATIQV,10
LVSGFGTRLRPLTLS,15
NLVDIAILILKLIVAALQLLDAVLKYLK,28
CMTRHPFTQNLICTIDSNSVCAFLYHLNEKKLLV,34
GALFKVASKVLPS,13
GIKDWIKGAAKKLIKTVASHIANQ,24
IVGGYECEAYSKPYQVSINLGY,22
NRYESFRQIRTNSMISILEKVKTKAIHTRKSIFKNQNFL,39
PVGRVHRLLRK,11
MRKWFHNVLSSGQLLADKWPAWDYNWK,27
KKLFKKILKYLGIGAVLKVLTTGLKDEL,28
PFKKGGRFKSLLITNYLCPKISWFVILS,28
LLKLLKWLLKLLK,13
NVSSKTVVLINVFAAAGLLGLISLRFGWFA,30
FLGALFKVASKV,12
NKGCAICSIGAACLVDGPIPDFEIAGATGLFGLWG,35
YNNFNSALRTIQYKTGHGASALCYYIVRDY,30
IFGAILPLALGALKNLIK,18
KFFKRLLKSVRRAVKKFRKKPRLIGLSTLL,30
WIQPATKVIPYVRYL,15
FFGWLIKPAIHAGKAIHGLIHRRRH,25
GKKLFKKILKYLAGPAGIGKFLHSAK,26
VDKPPYLPRPKPPRRIYNNR,20
QRRIRVRLSA,10
DNDRFIMQPLYTLADGQTKKLFWCIATCVSRAKSLSSREDPG,42
LEGRSISRIDELIQQRQEKD,20
QINFTINKYSGQICTRKLRMLALQSKWC,28
SCPANKASKPPAWQLPEVGYFINRIHGRVVLILNVLNISAAS,42
GRFRRLRKKTRKRLKKIGKV,20
LCMVIEAPSTNG,12
GLPVCGETCVGGTCNTPGCACSWPVCTRN,29
KYEDVGRAACRFMIVPIAQHLFMIETSTWK,30
RYRRKKKMKKALQYIKLLKE,20
GKWMSKLKHILK,12
GKVWDWIKSAAKKIWSSEPVSQLKGQVLNAAKNYVAEKIGATPT,44
VFMKCFCISFNILTTRSAHMLKGFKVLTI,29
FDIFYVKNVNGIEYSSNLLIDLLNQLHTY,29
GLLSSLGSVAKHVLPHVVPVIAEHL,25
AKHQGLPQE,9
LSGFLGGGHENLGEMGNAYLRV,22
GIGSILGVIAKGLPTLISWIKNR,23
GCPLNQGACHNHCRSIGRRGGYCAGIIKQTCTCYRK,36
ETDGGGLAKRSKDREVEIVASVADNGEAT,29
ANKCRAYQKKRTGRQPHLNSCIFVRNSS,28
HNLISRVPKQPKSIAKISALFICSLFEDHGHYLKM,35
IQNMARRRALPPWQNAITTKYWVWRRMPATKT,32
INWKKIAEVGGKILSSL,17
MGAVIKVGAKVIGWGAASGAGLYGLEKIFKK,31
RNYYRCSSE,9
IQQATVL,7
CLHALIRQYDQQAPPAQSRGCACPSRRR,28
SILSGNFGVGKKIVCGLSGLC,21
KFGYRYDSLELEGRSISRIDELIQQR,26
WRRRRRRRR,9
FIFHIIKGLFHAGKMIHGLVTRRRHGVEELQDLDQRAFEREKAFA,45
RRGLKNFALIPGSRHCLEKFIIDLHYKETS,30
VRVLFEKMNLVFFRDEDEQNDHYKLP,26
AHERVFGRVVQVSMYALFSHGLRHCHVW,28
SGASTYVDGKQKIHLFENNGTSNPSGCL,28
KTNPTTSGPAVSTLEEKNVGRI,22
SNTPSNNTENC,11
CKYLLKWR,8
VEAAGGQLTGTRSTAVGVEFLSVASGVCV,29
WWKWWKRLRRLFLLV,15
EPCRLTGMRMKYSISWLTTMERCLYHPTRRPTWSLFCKRRSK,42
FFPFLLGALGSLLPKIFGK,19
KYYGNGVHCTKSGCSVNWGEAFSAGVHRLA,30
TTKLSRRRFLKVAAAGAGSIGAAALLRQCCP,31
FLPAIAGVAAKFLPKIFCAISKKC,24
FRGLAKLLKIGLKSFARVLKKVLPKAAKAGKALAKSMADENAIRQQNQ,48
RQRRVVIWW,9
SYNTLLYHIRQAKNNFYYADSCFITKGNRLKKIYMPLHH,39
SKKLFKKILKYLAGPAKKLFKKILKYLKDEL,31
ELSASQSHCHGKTMDLHIVTYHTPKP,26
FLLQEYADLFMSFLVLIPYFQQIHDSWFEISIHEIFTCH,39
LYFRCETCCILPYTDVSFCTFG,22
RRSMHVQKHTCSSCGYPAAKTRK,23
RPKHPIKHQGLPQEVLNENLLRFFVAPFPEVFGK,34
DSNIQSGSLLRSPSV,15
GLFSVLGAVAKHVLPHVVPVIAEKL,25
GIMDSVKNVAKNIAGQLLDKLKCKITGC,28
KKFGGGKTERARKAMAVE,18
YASIKFYTYSISLQYYNYNIVTKLQNVPLVEKKYIAEIN,39
HVNYCRWCYLYENFDPIPVSLLLSYLEFVRSNEL,34
RKYDRKHIPEVIKLNKMKRLRRKVAVVAGATIYVTE,36
FIETKYAAYMLK,12
THVFRLKKWMQKVIDRFGG,19
PYNIFVSPVTSLSSLKLRIQQSAIEDAEY,29
DKLIGSCVWGAVNYTSDCAAECKRRGYKGGHCGSFANVNCWCET,44
AMAQRAISKVS,11
GGINIINVFLDARRRQTLNRRLASRLSRRN,30
HISSVFRQFLFQCCYEGIIFLKKWCNPWCP,30
KKIGNGAMILSSKKYIGKKVYVLVRKD,27
AKKVSKRLEKLFSKIQNDK,19
ATLHLVLRLRGG,12
FLCGIFARGIAPTGPSPAIAGFATRRGSL,29
VIELQVPRLDEQRHLLLLEQKQS,23
ITPLLRLINRLSLSGSLLPPLCPLFLLL,28
YDNEWGFSCRMADVAAAMGQLLN,23
EQTYQYAWIIP,11
LKKKKFKLLQ,10
FITGLIGGLMKALGK,15
GEKLKKIGKKIKNFFQKL,18
GLVTSLIKGAGKLLGGLFGSVTG,23
PALTHAITLSAYLLPPAVVPSPFSSSTSPFYSYQPPQL,38
PAWRKAFRWAWRMLKKAA,18
KKKLLLLLKKK,11
GILNTIKSIASKLKRKAK,18
SIGAKILGGVKTFFKGALKELASTYLQ,27
TILFKSNLPTVVFYSNNKTDTITNIPDKAMVLNDTGHREL,40
INIKNLVVGLCMLVSGFVVYVIKEKAPF,28
VVADDVPAASLVTGGKAAVRRRW,23
LKKWLKKWLKK,11
RWCVYAYVRVRGVLVRYRRCR,21
VAALSNQIRGLPLTVSDRMGKSARMAVTSKARASSWVGAAAGAPPRK,47
ISGYRNCDFEPTFNSNCGWNIPCNEEL,27
FFHHIFRGIKHVGKTIHRLVTG,22
DGVKLCDVPSGTWSGHCGSSSKCSQQCKDREHFAYGGACHYQFPSVKCFCKRQC,54
FISGLIGGLMKALGK,15
WWRRWWRR,8
SLGNFFRKARKKIGEEFKRIVQRIKDFLQHLIPRTEA,37
VEQDPYEIVIKQLERAAQYMEISE,24
VWYGEPYLLRAGILWTLRWVRK,22
KAGLAFPVGRVHRLLRK,17
AAGRYQLLSRYWDAYR,16
GINTLKKVIQGLHEVIKLVSNHA,23
KIIGLIGGIGSGKTTVAQLFVDEGFPLVD,29
LGSNECQLHEAKKRILGGAQGNLRSS,26
GIINTLQKYYSRVRGGR,17
ATQTIEDSSRSGPRRTTVGDLLKPLNSEYGKVAPG,35
DCYCRIPACIAGERRYGTCIYQGRLWAFCC,30
RWRWNRRTGRWRWY,14
APICSCVAFRKCSNKNTEPGSVIVFVTF,28
GVGDLIRKAVSVIKNIV,17
KWLLKWL,7
LSMQPKTVLQQKTALSPWTRHSVLQVKL,28
TDLESDSFFSRSSSLAIDCSNICKTFLC,28
FEVLPNFKHIQVKVFNHGEHIHHH,24
VLSAADKGNVKAAWGKVGGHAAEYGAEALERM,32
GLMSLFKGVLKTAGKHIFKNVGGSLLDQAKCKITGEC,37
GILSNVLGMGKKIVCGLSGLC,21
ILKPDKSKIVT,11
AERCLKYLSAYNHKVMKGLTYGLKDEGAFCKTPGWVCGKS,40
KGRRPRPLDEGGLPNLSGKYPQRLFRWELA,30
CIQSNLQAQSRCDLCINRVRQVYLRRRG,28
LQEHAIRHLWIYPYPLKMNDTCERLNQTLRVQCINTAL,38
WITMCSSKLSRGMHLWKNMETNVRQLRN,28
VYTFLLIGTLGIIFFAIFFREPPKVPRKK,29
GIMDTIKNAAKDVVQSLLNKASCKLAKTC,29
MVFAYAPTCARCKSIGARYCGYGYLNRKGVSCDGQTTINSCEDCKRKFGRCSDGFITECFF,61
LKWLLKWLK,9
GLVTGLLKTAGKLLGDLFGSLTG,23
RCSPYFLLKVIHVHLVHAQSVQYLINLLDT,30
WHVHVTPP,8
VARIRKDR,8
NLNLIHKKITHIDTQSITISKTNSSL,26
RLKLLLLRLK,10
TSKYR,5
QILMDMIWNLNRHSFSLMDPLVLACGLFL,29
FFFHIIKGLFHAGRMIHGLV,20
FLGGLIKRPPAMICAVRKKC,20
IIPLPLGYFAKKKKKKDPVPLDQ,23
TGHKYEKKLKDKNNQLNRMNFFSHIEITY,29
KKLFKKILKYLKFLHSAK,18
QGQTFSNMHQ,10
HIQKEDVPSERYLGYLEQLLRLKK,24
PARLEAEEACERLRRRGLRWRSGSAYTGQA,30
RQGGGGYEPQQAGLVAHGRGGGAVASHRSPMCQACLQGE,39
LGSLDCAVWE,10
GTRNRSIT,8
LRSYLSLSLSLSLSLSLSAQLSSACVCY,28
GLFAVIHHVASVIGGL,16
RIKRFWPVVIRT,12
LVCLLLHPIIGCKSLGWQCTVKPPGH,26
CVHWMTNTARTACIAP,16
LRRIIRKIIHIIKK,14
GLFGKSSVWGRKYYVDLAGCAKA,23
RRFFFRFRRF,10
RTPPSRGFCVSMHTH,15
TQSIWSKLFTALRGGATEVGEAIVDQQALR,30
RICSRDKNCVSRPGVGSIIGRPGGGSLIGRPGGGSVIGRPGGGSPPGGGSFNDEFIRDHSDGNRFA,66
SRSARLRLKSSRMTTRMTATCSASAGMV,28
KCNTATCVTQRLADFLVRSSNTIGTVYAPTNVGAAAY,37
RFRPPIRRPPIRPPFYPPFRPPIRPPIFPPIRPPFRPPLGPFP,43
SVKKFWGGVKAIFKGARKGLK,21
LASHPIKLLARCWVKQRRIELI,22
SSVLPVTLGGIHVWHMTALTEIFVDN,26
HERNAHNFPLELAAIEAPVTNA,22
VRFELLSGHHSEEDFPFPHALLPSQTQ,27
WKKIASIGKEVLKAL,15
GWGRFFKKWWRVGKRVGK,18
AYERQFYPGATSVAENNIGH,20
DSQASFVCDSCGEEIVIRIDPAEGGEQEYVEGCPVC,36
SQPTTKAYTY,10
INLKAITALAKKLL,14
NEYHGFVDKANNENKRKKQQGRDDFVVKPNNFANRRRKDDYNENYYDDVDAADVV,55
TDTTGRIPLWLIGTVTGIPVIGLIGIFFYGSYSGLGSSL,39
LKVVFKVLFK,10
QVVPTHAKTQEPLIPSLRQLNISSEPSESCQVIRTHL,37
DGRIGGSSLTG,11
SMLGVLKNLGKVGLGFVACKINKQC,25
QPRPPHPRL,9
KPAVDEMFPEGAGPYVDLDEAGGSTGLLMDLAANEKAVHADFFNDFEDLFDDDDVQ,56
EVGGGGGSQQCPQERPKLSSCKDYVMERCFTMKDFPVTWPTKWWKGGCEHEVREKCCKQLSQIAPQCRCDSIRRVIQGRLGGFLGIWRGEVFKQLQRAQSLPSKCNMGADCKFPSGYYW,119
GADRCRERCERRHRGDWQGKQRCLMECRRREQEED,35
HLSTDQDMFLLGPNRKKIAWHAESSKRKK,29
VNTTGRIPLWLIGTITGIIVIGLVGVFFYGSYSGLGSSL,39
ESIEQRVKKIVAEQLGVAEAEIKA,24
PPQDGAPDKDTNLGSMQNMVYKREAS,26
GIIKKIIKKIIKKIIKKI,18
AGKWYAFHLCCTVNH,15
SVSAPGPCTSTSACIKQDPGLF,22
RSHIFVC,7
GRGKQGGKVRAKAKTRSS,18
DGSCSDAKLLEQIRTVSRLKKRRTSPAGD,29
DVFFRDFFSDPVLFLSFGFLGVVISLCLFFVYFFMKKVHDADIKEQH,47
MLRTSNLFKTLLFVTWCKSFFSSLDHLC,28
GFLDTFKNLALNAAKSAGVSVLNSLSCKLFKTC,33
YCSYTMEA,8
WHWTWLPKKKRKV,13
MQFITDLIKKAVDFFKGLFDNK,22
GVDSSFLRL,9
EIRLPEPFRFPSPTVPKPIDIDPILPHPWSPRQTYPIIARRS,42
YSRCQLQGFNCVVRSYGLPTIPCCRGLTCRSYFPGSTYGRCQRF,44
EAAGLLPFPRV,11
RRMPSPNMTADARTARKMAAPALWPSSM,28
GLMSVLKGVLKTAGKHIFKNVGGSLLDQAKCKITGQC,37
LAAVEAISIDG,11
GFGCPRDQYKCNSHCQSIGCRAGYCDAVTLWLRCTCTDCNGKK,43
AKKVFKRLEKLFSKIQNWK,19
GIFLKVLGVGKKVLCGVSGLC,21
EIFPTIFCCITNERDHCIELNAVESRNKKN,30
TPKRTRFRKQHRGRMKGIAYRGNHICFGK,29
SDLINSASFFSFPFFLFSALSFSGSGYLAILIIKRFSV,38
RVVRQWPIGRVVRRVVRRVVR,21
GIFSLFKAGAKFFGKNLLKEAGKAGAEHLACKAANQC,37
FKLIQFLSHI,10
GLFDIVKKVVGAFGSL,16
GIMRVFKGVLKTAGKSVAKNVAGSFLDRLKCKISGGC,37
GFGSFLGKALKAALKIGANVLGGAPQQ,27
RRRCPIVVIRVCRR,14
KSRPRPGEDQASRLIQTSRPYFVYQVPPS,29
GRLRNLIEKAGQNIRGKIQGIGRRIKDILKNLQPRPQV,38
APKAMHSAKKFGKAFVGEIMLQKKGI,26
LSGFSGLIGNVNLSWYLQLCVPSYHL,26
PRGKMVILPKM,11
IYKHITKEYRSLLNFYTKCNKASFFIFLEVPRNPVL,36
KMMVHNLLKTKSSRKNMHFNKLIFQVTRYTDL,32
AKKFFKKPRVIGVSIPF,17
GLFSKFAGKGIKNMIIKGIKGIGKEVGMDVIRTGIDVAGCKIKGEC,46
GLLDTFKNLAINAAESAGVSVLNSLSCKLSKTC,33
NFPLDLASMEFNSIDG,16
YGLVVALAPLFANPFV,16
QWELNAYWATIDIPKQIVLNYTTLPSFK,28
VLSAADKNNVKGIFTKIAGHAEEYGAETLERMFTTYPPTKTY,42
AWKKTIRQYLKNEIKKKWRKAVIAW,25
FIHHIIGGLFSVGKHIHGLIHGH,23
CGESCVFIPCISTLLGCSCKNKVCYRNGVIP,31
HLPIQFISINYQHMH,15
SATLSFLMSPPCPLVWRHWAVS,22
VLIFFGKGV,9
LKKKLFKKLQ,10
LYVTRSGTVYLLSSLIISGTRSSSPRAM,28
GFMGDTLKGIARNAALALMNAAQCKLSGKC,30
KLSPSLGPVSKGKLLAGQR,19
FQWQRNMRKVRGPPVS,16
KWKSFIKKRTSKFLHSAKKF,20
INWLVIGQLISLGIIVLVGPAVIILLSLNKSNL,33
IKGLPPGDIINQKGTSSPSVVRSSYRSE,28
LYFFIALMLYMLHHSFGFAFLTVYVIFF,28
KRKILILIGSG,11
GWKKFFKKAKKVWK,14
RLGDILQKAREKIEGGLKKLVQKIKDFFGKFAPRTES,37
GLLLDTVKGAAKNVAGILLNKLKCKMTGDC,30
STAHLVLRLRGG,12
GIMDTIKGAAKDLAGQLLDKLKCKITKC,28
IDSEKALPIAWGPDNPVGESVDSWLGPIVLNQAHGKDFSP,40
RLCRIVWVIRVCR,13
LPVLFSSAIAKVGIKLGAKV,20
KWRQWQSKWRRTNPWFWIRR,20
IIIDEPETSLEQNAPISNLISLCNTQQLTSIIATPILLS,39
FWGKLWEGVKNAI,13
ATCDLLSGTGINHSACAAHCLLRGNRGGYCNGKAVCVCRN,40
HNCDYCSYCTSSLLHAIFPLSP,22
FLGLLFHGVHHVGKWIHGLIHGHH,24
MGAIIKGAAKVLGKGAATGGVIYGLEKLFR,30
FLPAVLRVAAKIVPTVFCAISKKC,24
KKVALILCLVAILGASNTIENENLADMPEIFATTKIDG,38
LEMRGYYIALKSFSLAQSISTGNSKSFFL,29
KRIGLIRLIGKILRGLRRLG,20
GLFSKLNKKKIKSGLIKIIKTAGKEAGLEALRTGIDVIGCKIKGEC,46
FLPLLAGLAANFLPKIFCKITRKC,24
RRGLFKKLRRKIKKGFKKIFKRLPPVGVGVSIPLAGRR,38
ISTSGHHECNNISLLTHLYSPI,22
ANDTLFMDAANLLVPLGPWHVVPFARP,27
TPAPAVIG,8
DLIWKLLSKAQEKFGKNKSRSFQLFGSPPGQR,32
LAAVEAPSKNG,11
DIISLGWGSFMAVFTFSIALVVWGRNGF,28
GIFSLIKTAAKFVGKNLLKQAGKAGVEHLACKANNQC,37
PM,2
KAMKPWIQPKTKVIP,15
GKWMTLLKHILK,12
FIGGLRRLFATVVGTVVGAINKLGGG,26
RWCVYAYVRVRGSLVRYRRCW,21
GWLDVAKKIGKAAFNVAKNFL,21
KKFFLKVLTKIRCKVAGGCRT,21
QAFMDLFSSFKILYPQSTETSSSDVTLPPY,30
RIKRFWPVVIRTVV,14
ATAWDFGPHGLLPIRPIRIRPLCGKDKS,28
MALLNSQHQILDSLGAIGPLTSLSSRPSGKAGSGPRAAARRYKLASCI,48
ATQIIDDTPKTKGKRRGLGDILKPLNSEK,29
KYYGNGVHCTKSGCSVNWGEAFSAGVHRLANGGNGFW,37
SDTVDIYDAGKILERVII,18
GILDTLKQFAKGVGKDLVKGAAQGVLSTVSCKLALTC,37
GVSEHSEVTKMQPVENEQEEKMHVIEYS,28
GVFVTWVYVLTYLAVFGYLAYLFWRYGRAR,30
RRWQWRMKKL,10
LKKLLKWLLKLLK,13
GLLDGILNANFNAAKSAGTSVLNALSCKLSKTC,33
GLPVCGETCFGGTCNTPGCTCDPWPVCTRN,30
HITIMSSKQSYSRKSSRFQNFRNDAVNKLL,30
FLPILAGLAAKLVPKVFCSITKKC,24
KWKSFIKKLPSAAKKVTTAAKPLTK,25
GAKALTKAATAFTKFYKTIW,20
FLSSIGKILGNLL,13
KFKWWRMLI,9
IKTLKEHTKIVRSVTFSPNGKYLAVGDICGTVEIWRVL,38
LFVRFSNTRPCILLIDTGILLLNELPSK,28
WIQPKTKVIPAVRAL,15
KWKSFIKKLTSKFLHSAKKF,20
EQLIQKQKKEYRVGAVDLVAPNVQNPDSEL,30
LLKWLKK,7
NIKSEMNVKNNNNSIIYGGMEAIFELIN,28
ACQCPDAISGWTHTDYQCHGLENKMYRHVYAICMNGTQVYCRTEWGSSC,49
GSRGQCCEPY,10
FFLLPIPNDVKCKVLGICKS,20
AALKGCWTKSIPPKPCFGKR,20
GSKIFCTSRVSGCDHCFSSTISGGFPAF,28
LTLKLFVYTVV,11
PAMALCQLHRGWLTNSYRGQARSYGSRW,28
VLSAADKGNVKAAWGKVGGHAAEYGAEALERMF,33
IFLILAPQTKCMKIQLHCCHLAPLIS,26
LKKLLFKKKQ,10
FLWGLIPGAISAVTSLIKK,19
INWKKIASIGKEV,13
WPKRLTKAHWFEIQHIQPSPLQSNRAMSGINNYTQHSKHQNTFLH,45
KVRPSVKKMCVNCRIIKRHGKIMIICINPKHKQRQG,36
GLLDTIKNMALNAAKSAGVSVLNSLSCKLSKTC,33
WKKIPKFLHLAKKF,14
KTLTGKTITLE,11
KKMSVVVAAAALMLTASPAFALGSLMLMAG,30
EGDVIATGINGFGRIG,16
SIRRLPSPKVKFRAPSIPNLQT,22
GLAGRRWRLHKWPAAPRKGTTRGLGAIR,28
DREEPYKKTYSLADMARMLGRPRTTLQAWR,30
KKLFKKGLKFL,11
KVKHNIYDVFIVFYFWLVSKNLSAKENEI,29
QIGFSRYDF,9
STAVENFQVPQFSAIFIYVDILFPSRLIIN,30
LFGSVKAWFKGAKKGFQDYRYQKDMAKMNKRYGPNWQQRGGQEPPADAQANDQPP,55
TDQASAAEDGTLNTWRSWPSSRPAAGTSEAGNGGEE,36
KKLFKKILKYLGIGKFLHSAKKDEL,25
IYDSQVYIALVIAVVASVLAIRLGATLYN,29
QVARREGFCAGIEAAEKIYAGTGGNKLLILYLVFAATITTRYREDISG,48
SPLFSPPK,8
GILSGLLGVGKMLVCGLSGLC,21
GRKKRRQRRRPPQ,13
DIISLGWAALMTMFTFSLALVVWARNGF,28
VTNQVFRYA,9
FLPIPRPILLGLL,13
SKRILKELKDLQKDPPTSCSAGPVAEDMFHWQATIMGPPDSPYA,44
FFGRLKSMWRGARGGLKAYKYQKDMAKMNKRYGPNWQQGGGQEPPADAQANDQPP,55
KVFLGLK,7
QVNLRCSE,8
RAINNGNPPVLRLSA,15
SKSIPGRSG,9
GRCRGFRRRC,10
AKSDVIEVDGKIIEALPNATFRVELENGHIILCHIAGKMRMHYIKILPGDKVKLELTPYSLDKGRITYRYK,71
RSAQCWCSGTVEWQTGNGGVRC,22
FALASVVVQYCDCLGDFSFKQCLLPILPATVSSCNLIGE,39
RWCVYAYVRVRGVLRRYRRCW,21
RISFHSGVSNLFDPLPSPLRMCRYSSL,27
KPKGMTSSQWFKIQHMQPSPQASNSAMKNINKHTKRSKDLNTFLH,45
VQWRIRVCVIRA,12
LIAVERIEDSKSYLSEIAVEQS,22
GLRKRLRKFRNKIKEKLKKIG,21
LSPLLANILLDDLDTELQTRGHRFVR,26
KFTDLKIETQASHQRFFYQGRLFRQHDEFTCLTHFPSP,38
GTKRGKLCRISRLAL,15
INMKASAAVAKKLL,14
AKKVFKRLEKLFSKIQNDK,19
VAAVFQIACFALYNL,15
AKRRLLKKMK,10
GFWGSLWEGVKSVV,14
RWRRKWWWW,9
GLIGSIGKALGGLLVDVLKPKLQAAS,26
MNTDDTEHKLIYRTHTRGERYTIHTKT,27
ESNKPAIVRIIKQNKPNEKVPIWLMRQA,28
ILGTILGLLKSL,12
FKIKASKVLDKFGKIVGKVLKQLKKVSAVAKV,32
QNTWRSCTQILLEHLTSVVVAPRFFVSGL,29
KKLFKKILKYLAGPAKKLFKKILKYLAGPAKDWEHLKDWEHLKDWEHLKDEL,52
MITISTMLQFGLFLIALIGLVIKLIELSNKK,31
RQIQRMTMESKHRRRGLGTSCC,22
QKLCERPSGTWSGVCGNNGACRNQCIRLERARHGSCNYVFPAHKCICYFPC,51
REIPSIHEVSQMTKLGIMILSLIFGGTAGIAIFIAVNMLWNSSPIR,46
RRARIVVIRVAR,12
ILKSFILG,8
NLLNDALGTVNGLLGS,16
RLRRIVVIRVAR,12
SAIRCGLTASAPDVASRMVYPSGAALAT,28
ILILIKRK,8
LTITLALFIGLNKIRLI,17
GCKFTVKPYLKRFQVYYKGRMWCG,24
DSHEERRQGRHGHHEYGRKFHEKH,24
PQISRQEYGGLFGPT,15
EKCPSQCSSFLGKLLLALQITL,22
VLNENLAR,8
SKIMDSAIEEILAIKKEAKTKGAQNATRPQ,30
RGTKKQNLPEKTCPVCGRPFRWRKKWKED,29
SRIEDRNYHELIDNT,15
QCEPKFYLTLFLRFTKTKWLSVPPETSSYPFAVKLCANLAQLLITCS,47
LDIADLIKGAIGDSHKEARWLT,22
WFKKIPKFLHLLKKF,15
GWKKWFTKGERLSQRHFA,18
KSCCRSTTARTARVPCAKKSNIYNGCRVPGGCKIQEAKKCEPPYD,45
EEQPGCS,7
LLGMIPLAISAISSLSKL,18
PGKYGFYTHVFRLKKWIQKVI,21
GSKKPVPIIYCNRRTGKCQR,20
CPFVITAVGPKKKKKVVHCLVTEQSKLM,28
RCICTTRTCRFPYRRLGTCLFQNRVYTFCC,30
FIGKLISAASGLLSHL,16
KLATKNLRISLNATKRLQRRKSA,23
VATRYDKLARNYLSGALIAATCAYWIN,27
NLKAIAALAKKLL,13
FLGALFKALSKLL,13
GIACGESCVFLGCFIPGCSCKSKVCYFN,28
RGARIVVIRVAR,12
GYAKSDILASSVGRRLQGAMATDYKTVLLGKDHTWD,36
GIGSLLAKAAKLGANLL,17
AELPIAPVDRLIRKAGAERVSEDAAKVLAEYLEEYAIELSKKAVDFARHAGRKTVKAEDIKLAIKA,66
SKCKCSRKGPKIRYSDVKKLEMKPKYPHCEEKMVIITTKSVSRYRGQEHCLHPKLQSTKRFIKWYNAWNEKRRVYEE,77
MSNFEPEICTALSREHDMWHSLCRFR,26
SMSRGFFLLGVTVMLPVRVSPWHIVITSSRYKTVCFQ,37
QFVLVLGVLSLQNCKNIEVQCYSLNGSPYL,30
NNIAFNKLDFLGLASGSLLLTAFIYAATLV,30
INTWNTTATSTSIIISETFGNKGKVCTYTVECVNNCRG,38
NQKVDLSGQFLIIDSFPVPVCQPVRNIA,28
QVFKCSFSEALVTSFSIPIKRFRPARQNPGAVYLV,35
VNYICKSTDKGKDYVVQDGDVMHFRFNV,28
SRVFSGMEALLGMLGSVVLQIK,22
GWLPTFGKILRKAMQLGPKLIQPI,24
AKNTNTYALAA,11
FIITGLVRGLTKLF,14
SILISYLLFVGLFTSLALGLYFSLQFVKLI,30
WTTITCAPTSISRSCTAARGSRWARTAP,28
GSTWFWTRRKFPFFNLYSLTACRAPARFQG,30
RILTMTKRVKMPQLYKQIVCRLFKTC,26
PIPRPLPFPRPGPRPIPRPLPFPRPGPRPIPRP,33
LHAVQKQNVEALCAWAQNLTLPSSNTTWFNFLASHIWMR,39
GSKKPVPIIYCNRRKCQRM,19
DASAPSRDSEAPGSDKALITKCYVPI,26
NLLITSVVLLTATKEKTIMRTFRLRTKNPI,30
QTVTQVKKNSNINEVYRCTFSLMSSSSQ,28
GQFWWSSNKVNDSEVIFCILTCGGVKSL,28
ALGGSALAVYWRNRGLPANDKDDFKE,26
SIISFAVMSIVVFAVASYAAVKADKTANAR,30
GLLDAIKDTAQNLFANVLDKIKCKFTKC,28
INKHTKRCKDLNTFLHEPFSSVAATCQTPKIACKNGDKNCHQSHGAVSLTMCKLTSGKYPNCRYKEKRQNKSYVVACKPPQKKDSQQFHLVPVHLDRVL,99
GILKTIKSIASKVANTVQKLKRKAKNAVA,29
SEVHESGYLK,10
SRVPLKSPVKIVGSKVMIFA,20
KLLSHSL,7
NFYVVLLCNMPELSSLDVSQSLEILHA,27
CGGYCGGWKRKRCTSYRCG,19
GLLSAVKGVLKGAGKNVAGSLMDKLKCKLFGGC,33
PHSFWLFLKKKLVFHWVLGINYATTTQLEPMLNLKKENL,39
LDPGTTVHLNHRISSC,16
VTCDLLSLQIKGIAINDSACAAHCLAMRRKGGSCKQGVCVCRN,43
PRLGAWGRGF,10
FKSPSGEVHPQGFAQEHIAMPLLCSADIDALYHCWQAYSA,40
HGHLSRGNAAPYSSIYINLFLVTALP,26
FFGWLIKGAIHAPKAIHGLIHRRRH,25
VWRRWRRFW,9
GVCRCVCRRGVCRCVCRR,18
FIHRVNSNIRCFYFFSLELGRTFKISSQ,28
FLPAVLRVAAKVGPAVFCAITQKC,24
RQWQSKIRRT,10
TMSLRFWRWKVR,12
ELDRICGYGTARCRKKCRSQEYRIGRCPNTYACCLRK,37
KKKKLFKLLQ,10
FAGAAFKALSKLL,13
KLKLKFLKKQ,10
KPPEPVQGSHRTCKGCDPEWCKKRERGEG,29
AAGAGAASGE,10
TATKLISKVTGREIIARDASRFHHFKDGI,29
FLSLALAALPKFLCLVFKKC,20
GKWMKLLKHILK,12
IYTYVIGRG,9
RLLRRLLRRLLRRLLRRLLR,20
FPRYSLTLTGLKCSATNFEYCYVITIT,27
HPMQTFLDTVPLCAVQTLSDTVYWKLLFR,29
DKLIGSDYQGIKHYQIVDFLLNDKILEI,28
FKALLWQWRM,10
GLFAVIKKVASV,12
EWRPHGSNGGSSLRPGRPQTLPPQRPIQPDFNGPRQRF,38
RLKLLLRLK,9
INFLKLGKKILGAL,14
KWKSFIKKLTSKFLHSAKKN,20
STIRRSIG,8
PGMGIYLPM,9
QKKIRVRASA,10
RRIRPRPPRLPRPRPRPL,18
VLNDNLLR,8
GLLDSFKNAMIGIAKSAGKTALNKIACKIDKTC,33
FRYTRFEKARIIGARALQIAMGAPVLIDVPEGITPLQAALLEFEKGVIPITVIRPS,56
GDVSQFLQHQVATLRAKEKEEKERKEKEKKGQGKKG,36
GFSSLFKAGAKYLLKSVGKAGAQQLACKAANNCA,34
LFGFLIPLLPHIIGAIPQVIGAIR,24
NKGRQQNANGAASGWQQDPLVARGLK,26
KWKLFKKILLKFLHLAKLF,19
FMPILSCSRFKRC,13
AAQTTAPSMTR,11
MAKEFGIPAAVAGTVLNVVEAGGWVTTIVSILTAVGSGGLSLLAAAGRESIKAYLKKEIKKKGKRAVIAW,70
YEEEQERIDKPEISSKAEVDEKR,23
VQAVRPEALPLGMSYAFKGKFGSHWLSVAQ,30
TFFRLFNR,8
ARMVLRCERNRLSPLMLEMLLFLKVNSKYWDVTTVDAVI,39
AKRLKKLAKKIWNWK,15
FCKGREINDNLQEKRTILLKKKGNGKQKGTDLRKKEGNKMKTDT,44
GRSRWLLICIALLQLCTLSLRSMQMLQLSF,30
DLARNLGLVDIDDEYDEDSDKEKPIFNV,28
DPIEPAFEMSKSVDLLVTGSAGKSSDSSQS,30
RKCLRWQWRMRKVGG,15
PLSQIGSYSYT,11
FVIAKLMSLVVTTSVKMKITHSTRSEWIA,29
VELNVGRVPFFPAKANRLKRKESKQISKT,29
STIIFDHLLPYLGAEGATYWAQLLMVDPV,29
RFVFCAGN,8
VSVPTLFTETSKQAIYFLIRILPQKSLILV,30
AIEVPSLNG,9
IKNTEEPRRNNDYYLGGKQNSCNQTILN,28
KLSDAKTIDTDWETVFVALLDPDEWLDT,28
PKHRSKVRPRSWLFSHGLRCRCVRVS,26
ICNVDRDRDGRVDFGEFKCMMQGITVWGA,29
FLPILGKLLSGIL,13
PLVITWPDTMISIYY,15
GCRRWCYKQRCVTYCRGR,18
FVGALFKALSKLL,13
FLSLIPHIVSGVAALAKHLG,20
LEARAARLRRAPEITGDASARSDSRVVHAPNTHEFLARVS,40
GIGTKFLGGVKTALKGALKELASTYVN,27
EMKYVPTTCPYCGTGCSMNLVVVDGKVTGVAP,32
FVELPTEST,9
FLSGILKLAFKIPSVLCAVLKNC,23
GKFMSLLKHILK,12
FLGGVFKLASKVFPAVFGKV,20
KCRQWQSKIRRTNPIFCIRR,20
LSLRLNTQMYLQPNFSKFGSMSQNSTSL,28
NGDMSQNKREKHWRSSKTETTK,22
AANIPFKVHFRCKSIFC,17
AVNLWNGNSFHLIGRSPSNISSKDRIWSM,29
ATFKFQTMSRGDSCIAYKQNQGYSRK,26
ISAKRTTKVTVAEHLIFYRQKIIYPLGP,28
RKAHQSKIQRNLSPTTPAPAGHASRRRSSSSSVAIATSTAVPMG,44
VTLPPAGAMGRCVTGSMPRPRSFRRMCVFQ,30
AKNNNYSYALAA,12
GRTSSGTEAWRSRLRRQTSYASCSRGS,27
WEIVSQGLISMSTWTEPEASPHLVQKC,27
YGQINSNHTKRKLESFQLPFFFTELHLI,28
GLFSVLGSVAKHLLPHVVPVIAEKL,25
SFLSTFKELAINAAKNAGQSILHTLSCKLDKTC,33
EHRLTANP,8
ACVNQCPDAIDRFIVKDKGCHGVEKKYYKQVYVACMNGQHLYCRTEWGGPCQL,53
PHVALKPGKLKFIIPSPKRPVKLLSGGNTLHLVSTTKT,38
ALWKNMLKGIGKLAGQAALGAVKTLVGA,28
RTCESQSHRFKGPCARDSNCATVCLTEGFSGGDCRGFRRRCFCTRPC,47
LGENCSLC,8
DILVVARAMMALCDRVFFCFSHLLIRSKS,29
NNVLTLIIKTTTPTLRHRSSKLPQYHTLQLIGNRYD,36
YKLARIGVRVR,11
VDKGSYLPRPTSHPRPIRV,19
INWSKIFEKVKNLV,14
TVYQHQKAMKPWIQPKTKVIPYVRYL,26
KAVTVVGMGDEGCPGLSSIAANAVAKAQILAGGKRHLDFFLNSPEKK,47
WHSRVSPGVPYNCKSDQPQPRHMGVSCGV,29
GGLRSLGRKILRAWKKYGPIIVPIIRIG,28
GLMSLFRGGVLKTAGKHIFKNVGGSLLDQAKCKITGEC,38
DNNAARWTHPLLTGFPVVLEIPVAWGEMDAFQHVNNIFY,39
