Sequence,Ensemble,Length,CNN,Transformer,Attention,LSTM
RPLIKLRSTAGTGYTYVTRK,1.183,20,1.564,1.414,0.992,0.762
RPLIKLRWTAGTGYTYVTRK,0.941,20,1.262,1.037,0.924,0.541
RKLIKLRWTAGTGYTYVTRK,0.833,20,1.223,1.017,0.846,0.245
RKLKKLRWTAGTGYTYVTRK,0.798,20,1.262,0.954,0.756,0.22
RKLKKLRWRAGTGYTYVTRK,0.64,20,0.84,0.799,0.751,0.172
RKLKKLRWRAGTMYTYVTRK,0.599,20,0.783,0.465,0.722,0.427
RKLKKLRWRAGTMYKYVTRK,0.514,20,0.793,0.336,0.708,0.218
RKLKKLRWRAGMMYKYVTRK,0.499,20,0.789,0.286,0.656,0.267
RKLKKLRWRAGMMYKYVTLK,0.567,20,0.667,0.261,0.689,0.653
RKLKKLRWRAGMMYKYVKLK,0.395,20,0.474,0.152,0.603,0.352
TKLKKLRWRAGMMYKYVKLK,0.506,20,0.497,0.317,0.679,0.529
